latin,tai_viet,tai_viet_sinh,nghia,trang,trang_thai
a,ꪮꪱ,ꪮꪱ,cô.,14,OK
a lả,ꪮꪱ ꪨꪱ,ꪮꪱ ꪨꪱ,cô út.,14,OK
a lan,ꪮꪱ ꪨꪱꪙ,ꪮꪱ ꪨꪱꪙ,cô cháu,14,OK
a ngạp,ꪮꪱ ꪉꪱꪚ,ꪮꪱ ꪉꪱꪚ,ngắc ngoải.,14,OK
à,ꪯꪱ,ꪯꪱ,hoặc.,14,OK
ả,ꪮꪱ,ꪮꪱ,"há, dạng, choãi",14,OK
ả báng,ꪮꪱ ꪚꪱꪉ,ꪮꪱ ꪚꪱꪉ,dạng háng,14,OK
ả kha,ꪮꪱ ꪄꪱ,ꪮꪱ ꪄꪱ,choãi chân.,14,OK
ả ók,ꪮꪱ ꪮꪮꪀ,ꪮꪱ ꪮꪮꪀ,choãi ra.,15,OK
ả xốp,ꪮꪱ ꪶꪎꪚ,ꪮꪱ ꪶꪎꪚ,há mồm.,15,OK
á ché,ꪮꪱ ꪵꪋ,ꪮꪱ ꪵꪋ,chị.,15,OK
á có,ꪮꪱ ꪀꪷ,ꪮꪱ ꪀꪷ,anh.,15,OK
á dè,ꪮꪱ ꪵꪥ,ꪮꪱ ꪵꪥ,bác.,15,OK
á pà,ꪮꪱ ꪛꪱ,ꪮꪱ ꪛꪱ,cha.,15,OK
á phạng,ꪮꪱ ꪡꪱꪉ,ꪮꪱ ꪡꪱꪉ,cứ ngỡ.,15,OK
ai,ꪮꪱꪥ,ꪮꪱꪥ,"mùi, hơi, ngượng",15,OK
aiay,,,hơi ho.,15,DAP_AN_CUT_CAN_SOAT
ai bứt,ꪮꪱꪥ ꪚꪒꪳ,ꪮꪱꪥ ꪚꪒꪳ,mùi thiu,15,OK
ai cháng,ꪮꪱꪥ ꪡꪱꪉ,ꪮꪱꪥ ꪡꪱꪉ,hơi nhạt,15,OK
ai chếp,ꪮꪱꪥ ꪹꪓꪸꪚ,ꪮꪱꪥ ꪹꪓꪸꪚ,hơi đau.,15,OK
ai chừ,ꪮꪱꪥ ꪋꪳ,ꪮꪱꪥ ꪋꪳ,mùi ngái,15,OK
ai da,ꪮꪱꪥ ꪠꪱ,ꪮꪱꪥ ꪠꪱ,mùi thuốc.,15,OK
ai đeng,ꪮꪱꪥ ꪵꪒꪉ,ꪮꪱꪥ ꪵꪒꪉ,hơi đỏ.,16,OK
ai đi,ꪮꪱꪥ ꪒꪲ,ꪮꪱꪥ ꪒꪲ,hơi đỡ.,16,OK
ai đón,ꪮꪱꪥ ꪒꪮꪙ,ꪮꪱꪥ ꪒꪮꪙ,hơi trắng,16,OK
ai fết,ꪹꪠꪸꪒ ꪮꪱꪤ,ꪹꪠꪸꪒ ꪮꪱꪤ,hơi cay.,16,OK
ai fom,ꪮꪱꪤ ꪞꪮꪣ,ꪮꪱꪤ ꪞꪮꪣ,hơi gầy.,16,OK
ai ha chăư,,ꪮꪱꪥ ꪬꪱ ꪻꪊ,hơi thớ.,16,DAP_AN_CUT_CAN_SOAT
ai hài,ꪮꪱꪤ ꪭꪱꪤ,ꪮꪱꪤ ꪭꪱꪤ,hơi xấu.,16,OK
ai hom,ꪮꪱꪤ ꪬꪮꪣ,ꪮꪱꪤ ꪬꪮꪣ,mùi hương,16,OK
ai hòn,ꪮꪱꪥ ꪭꪮꪙ,ꪮꪱꪥ ꪭꪮꪙ,hơi nóng,16,OK
ai khạo,ꪮꪱꪥ ꪅꪱꪫ,ꪮꪱꪥ ꪅꪱꪫ,mùi tanh,16,OK
ai kheo,ꪮꪱꪥ ꪵꪄꪫ,ꪮꪱꪥ ꪵꪄꪫ,hơi xanh,16,OK
ai khựm,ꪮꪱꪥ ꪅꪣꪳ,ꪮꪱꪥ ꪅꪣꪳ,hơi lạnh,16,OK
ai kịm,ꪮꪱꪥ ꪁꪲꪣ,ꪮꪱꪥ ꪁꪲꪣ,hơi mặn.,16,OK
ai khảu,ꪮꪱꪥ ꪹꪂꪱ,ꪮꪱꪥ ꪹꪂꪱ,hơi cơm.,16,OK
ai khẹn,ꪮꪱꪥ ꪵꪃꪙ,ꪮꪱꪥ ꪵꪃꪙ,đỡ.,16,OK
ai khiu,ꪮꪱꪥ ꪂꪲꪫ,ꪮꪱꪥ ꪂꪲꪫ,mùi hoi.,16,OK
ai khíu,ꪮꪱꪥ ꪂꪲꪫ,ꪮꪱꪥ ꪂꪲꪫ,mùi hăng,16,OK
ai khum,ꪮꪱꪥ ꪂꪣꪴ,ꪮꪱꪥ ꪂꪣꪴ,hơi đẳng,16,OK
ai lảu,ꪮꪱꪥ ꪹꪓꪱ,ꪮꪱꪥ ꪹꪓꪱ,mùi rượu,16,OK
ai lơng,ꪮꪱꪥ ꪹꪓꪷꪉ,ꪮꪱꪥ ꪹꪓꪷꪉ,hơi vàng,16,OK
ai mạu,ꪮꪱꪥ ꪹꪣꪱ,ꪮꪱꪥ ꪹꪣꪱ,hơi say.,16,OK
ai min,ꪮꪱꪥ ꪘꪲꪙ,ꪮꪱꪥ ꪘꪲꪙ,mùi thối.,17,OK
ai nả,ꪮꪱꪥ ꪘꪱ,ꪮꪱꪥ ꪘꪱ,ngượng mặt.,17,OK
ai nao,ꪮꪱꪥ ꪘꪱꪫ,ꪮꪱꪥ ꪘꪱꪫ,hơi rét.,17,OK
ai náu,ꪮꪱꪥ ꪹꪙꪱ,ꪮꪱꪥ ꪹꪙꪱ,mùi thối.,17,OK
ai nhơng,ꪮꪱꪥ ꪹꪐꪷꪉ,ꪮꪱꪥ ꪹꪐꪷꪉ,"mùi lợm, tanh.",17,OK
ai nới,ꪮꪱꪥ ꪹꪘꪷꪠ,ꪮꪱꪥ ꪹꪘꪷꪠ,hơi mệt.,17,OK
ai ơn,ꪮꪱꪥ ꪹꪮꪷꪙ,ꪮꪱꪥ ꪹꪮꪷꪙ,mùi ươn.,17,OK
ai khọn,ꪮꪱꪥ ꪅꪮꪙ,ꪮꪱꪥ ꪅꪮꪙ,mùi thuốc.,17,OK
ai pị,ꪮꪱꪥ ꪝꪲ,ꪮꪱꪥ ꪝꪲ,hơi béo.,17,OK
ai van,ꪮꪱꪥ ꪪꪱꪙ,ꪮꪱꪥ ꪪꪱꪙ,hơi ngọt.,17,OK
ai vang,ꪮꪱꪥ ꪪꪱꪉ,ꪮꪱꪥ ꪪꪱꪉ,hơi rỗi,17,OK
ai xủm,ꪮꪱꪥ ꪎꪣꪴ,ꪮꪱꪥ ꪎꪣꪴ,hơi chua.,17,OK
ải,ꪮꪱꪥ,ꪮꪱꪥ,cha.,17,OK
ải lụk,ꪮꪱꪥ ꪩꪀꪴ,ꪮꪱꪥ ꪩꪀꪴ,cha con.,17,OK
ải thảu,ꪮꪱꪥ ꪹꪖꪱ,ꪮꪱꪥ ꪹꪖꪱ,cha già.,17,OK
ảiý,,,cha mẹ.,17,DAP_AN_CUT_CAN_SOAT
ái noọng,ꪯꪱꪥ ꪙꪮꪉ,ꪯꪱꪥ ꪙꪮꪉ,"anh em, chị em.",18,OK
ái pặư,ꪯꪱꪥ ꪻꪝ,ꪯꪱꪥ ꪻꪝ,chị dâu.,18,OK
an,ꪮꪱꪙ,ꪮꪱꪙ,"yên, bình an.",18,OK
an hảo,ꪮꪱꪙ ꪬꪱꪫ,ꪮꪱꪙ ꪬꪱꪫ,yên ổn.,18,OK
an mạ,ꪮꪱꪙ ꪣꪱ,ꪮꪱꪙ ꪣꪱ,yên ngựa.,18,OK
án,ꪮꪱꪙ,ꪮꪱꪙ,"đọc, xem.",18,OK
án xan,ꪮꪱꪙ ꪎꪱꪙ,ꪮꪱꪙ ꪎꪱꪙ,xem thư.,18,OK
án xư,,ꪮꪱꪙ ꪎꪳ,đọc chừ.,18,DAP_AN_CUT_CAN_SOAT
ang ớc,ꪮꪱꪉ ꪹꪮꪷꪀ,ꪮꪱꪉ ꪹꪮꪷꪀ,lồng ngực.,18,OK
ảng,ꪮꪱꪉ,ꪮꪱꪉ,"cậy, khoe",18,OK
ảng chẹn,ꪮꪱꪉ ꪵꪋꪙ,ꪮꪱꪉ ꪵꪋꪙ,cậy tiền,18,OK
ảng hắng,ꪮꪱꪉ ꪭꪉꪰ,ꪮꪱꪉ ꪭꪉꪰ,khoe giầu.,18,OK
ảng hẹng,ꪮꪱꪉ ꪵꪭꪉ,ꪮꪱꪉ ꪵꪭꪉ,cậy khỏe,18,OK
ảng khoong,ꪮꪱꪉ ꪄꪮꪉ,ꪮꪱꪉ ꪄꪮꪉ,khoe của.,18,OK
ảng khằn,ꪮꪱꪉ ꪃꪙ,ꪮꪱꪉ ꪃꪙ,khoe đẹp.,19,OK
ảng mị,ꪮꪱꪉ ꪣꪲ,ꪮꪱꪉ ꪣꪲ,khoe có.,19,OK
ảng tạo,,ꪮꪱꪉ ꪕꪱꪫ,cậy quyền.,19,DAP_AN_CUT_CAN_SOAT
áng,ꪮꪱꪉ,ꪮꪱꪉ,chậu.,19,OK
áng chôồng,ꪮꪱꪉ ꪶꪋꪉ,ꪮꪱꪉ ꪶꪋꪉ,chậu đựng.,19,OK
áng dểu,ꪮꪱꪉ ꪹꪤꪸꪫ,ꪮꪱꪉ ꪹꪤꪸꪫ,chậu sứ.,19,OK
áng đi,ꪮꪱꪉ ꪒꪲ,ꪮꪱꪉ ꪒꪲ,chậu tốt.,19,OK
áng đin,ꪮꪱꪉ ꪒꪲꪙ,ꪮꪱꪉ ꪒꪲꪙ,chậu gôm.,19,OK
áng hồk,ꪮꪱꪉ ꪶꪱꪭ,ꪮꪱꪉ ꪶꪱꪭ,chậu thủng.,19,OK
áng lôông,ꪮꪱꪉ ꪶꪓꪉ,ꪮꪱꪉ ꪶꪓꪉ,chậu to.,19,OK
áng mạy,ꪮꪱꪉ ꪼꪣ,ꪮꪱꪉ ꪼꪣ,chậu gỗ.,19,OK
áng nặm,ꪮꪱꪉ ꪙꪾ,ꪮꪱꪉ ꪙꪾ,chậu nước,19,OK
áng nhôm,ꪮꪱꪉ ꪶꪐꪣ,ꪮꪱꪉ ꪶꪐꪣ,chậu nhôm,19,OK
áng nhờ,ꪮꪱꪉ ꪹꪑꪷ,ꪮꪱꪉ ꪹꪑꪷ,chậu nhựa,19,OK
áng nọi,ꪮꪱꪉ ꪙꪮꪥ,ꪮꪱꪉ ꪙꪮꪥ,chậu nhỏ.,19,OK
áng páu,ꪮꪱꪉ ꪹꪜꪱ,ꪮꪱꪉ ꪹꪜꪱ,chậu không,19,OK
áng ték,ꪮꪱꪉ ꪹꪹꪔ,ꪮꪱꪉ ꪹꪹꪔ,chậu vỡ.,19,OK
áng toọng,ꪮꪱꪉ ꪕꪮꪉ,ꪮꪱꪉ ꪕꪮꪉ,chậu đồng.,19,OK
ao,ꪮꪱꪫ,ꪮꪱꪫ,chú.,19,OK
aoa,,,chú cô.,19,DAP_AN_CUT_CAN_SOAT
ao lan,ꪮꪱꪫ ꪨꪱꪙ,ꪮꪱꪫ ꪨꪱꪙ,chú cháu,20,OK
ao lả,ꪮꪱꪫ ꪨꪱ,ꪮꪱꪫ ꪨꪱ,chú út.,20,OK
ao lố,ꪮꪱꪫ ꪶꪩ,ꪮꪱꪫ ꪶꪩ,chú thím,20,OK
ao ók,ꪮꪱꪫ ꪮꪮꪀ,ꪮꪱꪫ ꪮꪮꪀ,chú ruột.,20,OK
áo,ꪮꪱꪫ,ꪮꪱꪫ,ước.,20,OK
áo coọng,ꪮꪱꪫ ꪁꪮꪉ,ꪮꪱꪫ ꪁꪮꪉ,ước mong,20,OK
áo đảy,ꪮꪱꪫ ꪼꪒ,ꪮꪱꪫ ꪼꪒ,ước được,20,OK
áo phăn,ꪮꪱꪫ ꪥꪽ,ꪮꪱꪫ ꪥꪽ,ước mơ.,20,OK
áo pin,ꪮꪱꪫ ꪤꪙ,ꪮꪱꪫ ꪤꪙ,ước thành.,20,OK
áp,ꪮꪱꪚ,ꪮꪱꪚ,"tắm, gội.",20,OK
áp da,ꪮꪱꪚ ꪤꪱ,ꪮꪱꪚ ꪤꪱ,tắm thuốc.,20,OK
áp dểu,ꪮꪱꪚ ꪹꪤꪸꪫ,ꪮꪱꪚ ꪹꪤꪸꪫ,sứ.,20,OK
áp din,ꪮꪱꪚ ꪤꪲꪙ,ꪮꪱꪚ ꪤꪲꪙ,tắm mát.,20,OK
áp hô,ꪮꪱꪚ ꪶꪬ,ꪮꪱꪚ ꪶꪬ,gội đầu.,20,OK
áp mố chêêng,ꪮꪱꪚ ꪶꪣ ꪹꪊꪸꪉ,ꪮꪱꪚ ꪶꪣ ꪹꪊꪸꪉ,tắm tất niên.,20,OK
áp mụm,ꪮꪱꪚ ꪣꪣꪴ,ꪮꪱꪚ ꪣꪣꪴ,tắm xong.,20,OK
áp nàm,ꪮꪱꪚ ꪣꪱꪣ,ꪮꪱꪚ ꪣꪱꪣ,tắm bùn.,20,OK
áp nặm,ꪮꪱꪚ ꪙꪾ,ꪮꪱꪚ ꪙꪾ,tăm nước.,20,OK
áp tá,ꪮꪱꪚ ꪕꪱ,ꪮꪱꪚ ꪕꪱ,tắm suối,21,OK
áp xăư,ꪮꪱꪚ ꪻꪎ,ꪮꪱꪚ ꪻꪎ,tẩm sạch,21,OK
áp xới,ꪮꪱꪚ ꪹꪎꪰꪥ,ꪮꪱꪚ ꪹꪎꪰꪥ,tắm rửa.,21,OK
au,ꪹꪮꪱ,ꪹꪮꪱ,lấy.,21,OK
au căn,ꪹꪮꪱ ꪀꪽ,ꪹꪮꪱ ꪀꪽ,lấy nhau,21,OK
au chẹn,ꪹꪮꪱ ꪵꪋꪙ,ꪹꪮꪱ ꪵꪋꪙ,lấy tiền,21,OK
au chờng,ꪹꪮꪱ ꪹꪋꪷꪉ,ꪹꪮꪱ ꪹꪋꪷꪉ,lấy hàng,21,OK
au cớn,ꪹꪮꪱ ꪹꪀꪷꪙ,ꪹꪮꪱ ꪹꪀꪷꪙ,lấy trước,21,OK
au dúng,ꪹꪮꪱ ꪤꪉꪴ,ꪹꪮꪱ ꪤꪉꪴ,lấy dùng,21,OK
au đảy,ꪹꪮꪱ ꪼꪒ,ꪹꪮꪱ ꪼꪒ,lấy được,21,OK
au fô,ꪹꪮꪱ ꪶꪞ,ꪹꪮꪱ ꪶꪞ,lấy chồng,21,OK
au hẻng,ꪹꪮꪱ ꪵꪬꪉ,ꪹꪮꪱ ꪵꪬꪉ,uống cạn.,21,OK
au ỉn,ꪹꪮꪱ ꪮꪲꪙ,ꪹꪮꪱ ꪮꪲꪙ,lấy chơi,21,OK
au khai,ꪹꪮꪱ ꪄꪱꪥ,ꪹꪮꪱ ꪄꪱꪥ,đem bán.,21,OK
au lăng,ꪹꪮꪱ ꪨꪉꪰ,ꪹꪮꪱ ꪨꪉꪰ,lấy sau.,21,OK
au lô,ꪹꪮꪱ ꪶꪨ,ꪹꪮꪱ ꪶꪨ,lấy cui.,22,OK
au mạ,ꪹꪮꪱ ꪣꪱ,ꪹꪮꪱ ꪣꪱ,lấy về.,22,OK
au mạy,ꪹꪮꪱ ꪼꪣ,ꪹꪮꪱ ꪼꪣ,lấy gồ.,22,OK
au mệ,ꪹꪮꪱ ꪹꪣꪸ,ꪹꪮꪱ ꪹꪣꪸ,lấy vợ.,22,OK
au mết,ꪹꪮꪱ ꪹꪢꪸꪒ,ꪹꪮꪱ ꪹꪢꪸꪒ,lấy hết.,22,OK
au mớ,ꪹꪮꪱ ꪹꪢꪷ,ꪹꪮꪱ ꪹꪢꪷ,lấy nữa.,22,OK
au nặm,ꪹꪮꪱ ꪙꪾ,ꪹꪮꪱ ꪙꪾ,lấy nước,22,OK
au nọi,ꪹꪮꪱ ꪙꪮꪥ,ꪹꪮꪱ ꪙꪮꪥ,lấy ít.,22,OK
au nùng,ꪹꪮꪱ ꪙꪉꪴ,ꪹꪮꪱ ꪙꪉꪴ,lấy mặc.,22,OK
au pay,ꪹꪮꪱ ꪼꪜ,ꪹꪮꪱ ꪼꪜ,lấy đi.,22,OK
au pọ,ꪹꪮꪱ ꪝꪷ,ꪹꪮꪱ ꪝꪷ,lấy đủ.,22,OK
au tẹn,ꪹꪮꪱ ꪵꪕꪙ,ꪹꪮꪱ ꪵꪕꪙ,lấy thêm,22,OK
au xăng,ꪹꪮꪱ ꪎꪉꪰ,ꪹꪮꪱ ꪎꪉꪰ,lấy gì?,22,OK
au xeo,ꪹꪮꪱ ꪵꪎꪫ,ꪹꪮꪱ ꪵꪎꪫ,lấy theo,22,OK
au xê,ꪹꪮꪱ ꪹꪎꪸ,ꪹꪮꪱ ꪹꪎꪸ,lấy mất.,22,OK
ay,ꪼꪮ,ꪼꪮ,ho.,22,OK
ay cặt,ꪼꪮ ꪁꪒꪰ,ꪼꪮ ꪁꪒꪰ,ho tức.,22,OK
ay chếp,ꪼꪮ ꪹꪊꪸꪚ,ꪼꪮ ꪹꪊꪸꪚ,ho đau.,22,OK
ay khoọc khoọc,,,ho sù sụ.,23,DAP_AN_CUT_CAN_SOAT
ay khôồng khôồng,,ꪼꪮ ꪶꪅꪉ ꪶꪅꪉ,ho sặc sụa.,23,DAP_AN_CUT_CAN_SOAT
ay lai,ꪼꪮ ꪨꪱꪥ,ꪼꪮ ꪨꪱꪥ,ho nhiều.,23,OK
ay nắc,ꪼꪮ ꪢꪀꪰ,ꪼꪮ ꪢꪀꪰ,ho nặng.,23,OK
ay ók lợt,ꪼꪮ ꪮꪮꪀ ꪹꪩꪷꪒ,ꪼꪮ ꪮꪮꪀ ꪹꪩꪷꪒ,ho ra máu.,23,OK
ay pót,ꪼꪮ ꪜꪮꪒ,ꪼꪮ ꪜꪮꪒ,ho do viêm phế quản.,23,OK
ăn,ꪮꪽ,ꪮꪽ,"cái, chiếc",23,OK
ăn cáu,ꪮꪽ ꪹꪀꪱ,ꪮꪽ ꪹꪀꪱ,cái cũ.,23,OK
ăn đăư,ꪮꪽ ꪻꪒ,ꪮꪽ ꪻꪒ,cái nào?,23,OK
ăn đêu,ꪮꪽ ꪹꪒꪸꪫ,ꪮꪽ ꪹꪒꪸꪫ,mỗi cái.,23,OK
ăn đi,ꪮꪽ ꪒꪲ,ꪮꪽ ꪒꪲ,cái tốt.,23,OK
ăn hài,ꪮꪽ ꪭꪱꪥ,ꪮꪽ ꪭꪱꪥ,cái xấu.,23,OK
ăn lôông,ꪮꪽ ꪶꪨꪉ,ꪮꪽ ꪶꪨꪉ,cái to.,23,OK
ăn mắư,ꪮꪽ ꪻꪘ,ꪮꪽ ꪻꪘ,cái khác,23,OK
ăn nằn,ꪮꪽ ꪙꪽ,ꪮꪽ ꪙꪽ,cái kia.,23,OK
ăn nị,ꪮꪽ ꪙꪲ,ꪮꪽ ꪙꪲ,cái này.,23,OK
ăn nọi,ꪮꪽ ꪙꪮꪥ,ꪮꪽ ꪙꪮꪥ,cái nhỏ.,23,OK
ăn nứng,ꪮꪽ ꫜ,ꪮꪽ ꫜ,một cái.,24,OK
ăn ứn,ꪮꪽ ꪮꪙꪳ,ꪮꪽ ꪮꪙꪳ,cái khác.,24,OK
ắn,ꪮꪽ,ꪮꪽ,"ngấy, rúc, rất.",24,OK
ắn coong,ꪮꪽ ꪀꪮꪉ,ꪮꪽ ꪀꪮꪉ,rất lẳm.,24,OK
ắn hưng,ꪮꪽ ꪬꪉꪳ,ꪮꪽ ꪬꪉꪳ,rất lâu.,24,OK
ắn lai,ꪮꪽ ꪨꪱꪥ,ꪮꪽ ꪨꪱꪥ,rất nhiều.,24,OK
bả,ꪚꪱ,ꪚꪱ,"điên, thằng.",25,OK
bả chà,ꪚꪱ ꪋꪱ,ꪚꪱ ꪋꪱ,điên rồ.,25,OK
bả lảu,ꪚꪱ ꪹꪨꪱ,ꪚꪱ ꪹꪨꪱ,điên rượu.,25,OK
bả mạu,ꪚꪱ ꪹꪣꪱ,ꪚꪱ ꪹꪣꪱ,điên say.,25,OK
bả nằn,ꪚꪱ ꪙꪽ,ꪚꪱ ꪙꪽ,thằng ấy.,25,OK
bả nị,ꪚꪱ ꪙꪲ,ꪚꪱ ꪙꪲ,thằng này.,25,OK
bá,ꪚꪱ,ꪚꪱ,"đổ, vai.",25,OK
bá chếp,ꪚꪱ ꪹꪊꪸꪚ,ꪚꪱ ꪹꪊꪸꪚ,vai đau.,25,OK
bá lụng,ꪚꪱ ꪩꪉꪴ,ꪚꪱ ꪩꪉꪴ,đổ xuống.,25,OK
bá mết,ꪚꪱ ꪹꪘꪸꪒ,ꪚꪱ ꪹꪘꪸꪒ,đổ hết.,25,OK
bá mới,ꪚꪱ ꪹꪣꪷꪥ,ꪚꪱ ꪹꪣꪷꪥ,vai mỏi.,25,OK
bá tôốc,ꪚꪱ ꪶꪔꪀ,ꪚꪱ ꪶꪔꪀ,đổ rơi.,25,OK
bái,ꪚꪱꪥ,ꪚꪱꪥ,trộn.,25,OK
bái khảu,ꪚꪱꪥ ꪹꪂꪱ,ꪚꪱꪥ ꪹꪂꪱ,trộn cơm.,26,OK
bái nhẳm,ꪚꪱꪥ ꪐꪾ,ꪚꪱꪥ ꪐꪾ,trộn thịt.,26,OK
bái pa,ꪚꪱꪥ ꪜꪱ,ꪚꪱꪥ ꪜꪱ,trộn cá.,26,OK
bái tsáy,ꪚꪱꪥ ꪼꪌ,ꪚꪱꪥ ꪼꪌ,trộn trứng.,26,OK
bại,ꪛꪱꪥ,ꪛꪱꪥ,bài.,26,OK
bại ép,ꪛꪱꪥ ꪵꪮꪚ,ꪛꪱꪥ ꪵꪮꪚ,bài học.,26,OK
bại khắp,ꪛꪱꪥ ꪄꪚꪾ,ꪛꪱꪥ ꪄꪚꪾ,bài hát.,26,OK
bại xan,ꪛꪱꪥ ꪎꪱꪙ,ꪛꪱꪥ ꪎꪱꪙ,bài văn.,26,OK
bák,ꪚꪱꪀ,ꪚꪱꪀ,tử cung.,26,OK
ban,ꪚꪱꪙ,ꪚꪱꪙ,"bừa, chiếc, cái.",26,OK
ban cúp,ꪚꪱꪙ ꪀꪚꪴ,ꪚꪱꪙ ꪀꪚꪴ,chiếc nón.,26,OK
ban đủng,ꪚꪱꪙ ꪒꪉꪴ,ꪚꪱꪙ ꪒꪉꪴ,chiếc mẹt.,26,OK
ban háy,ꪚꪱꪙ ꪼꪭ,ꪚꪱꪙ ꪼꪭ,bừa nương,26,OK
ban nạ,ꪚꪱꪙ ꪙꪱ,ꪚꪱꪙ ꪙꪱ,bừa ruộng,26,OK
ban nhả,ꪚꪱꪙ ꪐꪱ,ꪚꪱꪙ ꪐꪱ,bừa cỏ.,26,OK
ban nháp,ꪚꪱꪙ ꪐꪱꪚ,ꪚꪱꪙ ꪐꪱꪚ,bừa lượt đầu.,26,OK
ban pát,ꪚꪱꪙ ꪜꪱꪒ,ꪚꪱꪙ ꪜꪱꪒ,cái thớt,27,OK
ban thay,ꪚꪱꪙ ꪼꪖ,ꪚꪱꪙ ꪼꪖ,cày bừa.,27,OK
ban tsưng,ꪚꪱꪙ ꪌꪉ,ꪚꪱꪙ ꪌꪉ,cái sàng.,27,OK
bản,ꪚꪱꪙ,ꪚꪱꪙ,bản.,27,OK
bản cáu,ꪚꪱꪙ ꪹꪀꪱ,ꪚꪱꪙ ꪹꪀꪱ,bản cũ.,27,OK
bản dào,ꪚꪱꪙ ꪥꪱꪫ,ꪚꪱꪙ ꪥꪱꪫ,bản Dao.,27,OK
bản dẳng,ꪚꪱꪙ ꪤꪰꪉ,ꪚꪱꪙ ꪤꪰꪉ,bản Giáy.,27,OK
bản đắc,,ꪚꪱꪙ ꪒꪀꪰ,bản xa.,27,DAP_AN_CUT_CAN_SOAT
bản hạu,ꪚꪱꪙ ꪹꪭꪱ,ꪚꪱꪙ ꪹꪭꪱ,bản ta.,27,OK
bản hắngk,ꪚꪱꪙ ꪭꪉꪰ,ꪚꪱꪙ ꪭꪉꪰ,ban giàu,27,OK
bản khỏ,ꪚꪱꪙ ꪂꪰ,ꪚꪱꪙ ꪂꪰ,bản nghèo,27,OK
bản lôông,ꪚꪱꪙ ꪶꪨꪉ,ꪚꪱꪙ ꪶꪨꪉ,bán to.,27,OK
bản mắư,ꪚꪱꪙ ꪻꪢ,ꪚꪱꪙ ꪻꪢ,bản mới.,27,OK
bản mông,ꪚꪱꪙ ꪹꪹꪣꪫ,ꪚꪱꪙ ꪹꪹꪣꪫ,bản Mông,27,OK
bản mượng,ꪚꪱꪙ ꪹꪣꪉ,ꪚꪱꪙ ꪹꪣꪉ,bán mường,27,OK
bản nạ,ꪚꪱꪙ ꪙꪱ,ꪚꪱꪙ ꪙꪱ,địa phương,27,OK
bản nọi,ꪚꪱꪙ ꪙꪮꪥ,ꪚꪱꪙ ꪙꪮꪥ,bản nhỏ.,27,OK
bản nơ,ꪚꪱꪙ ꪹꪘꪰ,ꪚꪱꪙ ꪹꪘꪰ,bản trên,27,OK
bản tạy,ꪚꪱꪙ ꪼꪕ,ꪚꪱꪙ ꪼꪕ,bản Thái,27,OK
bán,ꪚꪱꪙ,ꪚꪱꪙ,mẻ.,28,OK
bán chóp,ꪚꪱꪙ ꪊꪮꪚ,ꪚꪱꪙ ꪊꪮꪚ,mé cuốc,28,OK
bán cứ,ꪚꪱꪙ ꪀꪳ,ꪚꪱꪙ ꪀꪳ,mẻ cưa.,28,OK
bán đáp,ꪚꪱꪙ ꪒꪱꪚ,ꪚꪱꪙ ꪒꪱꪚ,mẻ gươm,28,OK
bán khan,ꪚꪱꪙ ꪄꪱꪚ,ꪚꪱꪙ ꪄꪱꪚ,me búa.,28,OK
bán xa,ꪚꪱꪙ ꪎꪱ,ꪚꪱꪙ ꪎꪱ,mẻ dao.,28,OK
bán xíu,ꪚꪱꪙ ꪎꪲꪫ,ꪚꪱꪙ ꪎꪲꪫ,mẻ đục.,28,OK
bạn căn,ꪛꪱꪙ ꪀꪽ,ꪛꪱꪙ ꪀꪽ,bàn nhau,28,OK
bạn vệk,ꪛꪱꪙ ꪹꪫꪸꪀ,ꪛꪱꪙ ꪹꪫꪸꪀ,bàn việc.,28,OK
bang,ꪚꪱꪉ,ꪚꪱꪉ,mỏng.,28,OK
bang bau,ꪚꪱꪉ ꪹꪚꪱ,ꪚꪱꪉ ꪹꪚꪱ,mỏng nhẹ.,28,OK
bang lai,ꪚꪱꪉ ꪨꪱꪥ,ꪚꪱꪉ ꪨꪱꪥ,mỏng quá.,28,OK
bang ón,ꪚꪱꪉ ꪮꪮꪙ,ꪚꪱꪉ ꪮꪮꪙ,mỏng mềm (chất liệu).,28,OK
bảng,ꪚꪱꪉ,ꪚꪱꪉ,chiếc.,28,OK
bảng chẽn,ꪚꪱꪉ ꪹꪹꪊꪙ,ꪚꪱꪉ ꪹꪹꪊꪙ,chiếc bát.,28,OK
bảng hợ,ꪚꪱꪉ ꪹꪷꪭ,ꪚꪱꪉ ꪹꪷꪭ,chiếc thuyền,29,OK
bảng lảu,ꪚꪱꪉ ꪹꪨꪱ,ꪚꪱꪉ ꪹꪨꪱ,chén rượu,29,OK
bảng le,ꪚꪱꪉ ꪵꪨ,ꪚꪱꪉ ꪵꪨ,chiếc đĩa.,29,OK
bảng năm,ꪚꪱꪉ ꪙꪾ,ꪚꪱꪉ ꪙꪾ,chén nước,29,OK
bảng thổi,ꪚꪱꪉ ꪶꪖꪥ,ꪚꪱꪉ ꪶꪖꪥ,bát tô.,29,OK
báng,ꪚꪱꪉ,ꪚꪱꪉ,"háng, khoang",29,OK
báng kha,ꪚꪱꪉ ꪄꪱ,ꪚꪱꪉ ꪄꪱ,háng chân,29,OK
báng ngó,ꪚꪱꪉ ꪉꪰ,ꪚꪱꪉ ꪉꪰ,cầy bay.,29,OK
bao,ꪚꪱꪫ,ꪚꪱꪫ,đai.,29,OK
baoeo,,,đai lưng,29,DAP_AN_CUT_CAN_SOAT
bao hằng,ꪚꪱꪫ ꪭꪉꪰ,ꪚꪱꪫ ꪭꪉꪰ,đai thắt,29,OK
bao ngựn,ꪚꪱꪫ ꪉꪙꪳ,ꪚꪱꪫ ꪉꪙꪳ,đai bạc.,29,OK
bảu ló,ꪹꪚꪱ ꪨꪰ,ꪹꪚꪱ ꪨꪰ,khuôn đúc.,31,OK
báu,ꪹꪚꪱ,ꪹꪚꪱ,không.,31,OK
bay,ꪼꪚ,ꪼꪚ,khoác.,31,OK
bay tô,ꪼꪚ ꪶꪔ,ꪼꪚ ꪶꪔ,khoác vào người,31,OK
bay xở,ꪼꪚ ꪹꪎꪷ,ꪼꪚ ꪹꪎꪷ,khoác áo.,31,OK
bắc,ꪚꪀꪰ,ꪚꪀꪰ,chỉ (đồng cân).,31,OK
bắc lai,ꪚꪀꪰ ꪨꪱꪥ,ꪚꪀꪰ ꪨꪱꪥ,hơn chỉ.,31,OK
bắc ngựn,ꪚꪀꪰ ꪉꪙꪳ,ꪚꪀꪰ ꪉꪙꪳ,chỉ bạc.,31,OK
bắc thoóng,ꪚꪀꪰ ꪖꪮꪉ,ꪚꪀꪰ ꪖꪮꪉ,chỉ rưỡi.,31,OK
bắm,ꪚꪾ,ꪚꪾ,làu bàu.,32,OK
bắm bột bột,,ꪚꪾ ꪶꪛꪒ ꪶꪛꪒ,làu ba làu bàu.,32,DAP_AN_CUT_CAN_SOAT
bẳn,ꪚꪽ,ꪚꪽ,củ.,32,OK
bẳn mặn,ꪚꪽ ꪣꪽ,ꪚꪽ ꪣꪽ,củ mài.,32,OK
bẳn tủn,ꪚꪽ ꪔꪙꪴ,ꪚꪽ ꪔꪙꪴ,củ sắn.,32,OK
băng,ꪚꪉꪰ,ꪚꪉꪰ,yểm.,32,OK
băng cặm,ꪚꪉꪰ ꪁꪾ,ꪚꪉꪰ ꪁꪾ,yểm bùa.,32,OK
băng hợn,ꪚꪉꪰ ꪹꪭꪷꪙ,ꪚꪉꪰ ꪹꪭꪷꪙ,yểm nhà.,32,OK
băng mắn,ꪚꪉꪰ ꪣꪽ,ꪚꪉꪰ ꪣꪽ,yểm chú.,32,OK
băng tạng,ꪚꪉꪰ ꪕꪱꪉ,ꪚꪉꪰ ꪕꪱꪉ,yểm đường,32,OK
băng tô,ꪚꪉꪰ ꪶꪔ,ꪚꪉꪰ ꪶꪔ,yểm người.,32,OK
bẳng,ꪚꪉꪰ,ꪚꪉꪰ,ống.,32,OK
bẳng chôống,ꪚꪉꪰ ꪶꪋꪉ,ꪚꪉꪰ ꪶꪋꪉ,ống đựng,32,OK
bẳng hồk,ꪚꪉꪰ ꪶꪭ,ꪚꪉꪰ ꪶꪭ,ống thủng,32,OK
bẳng khọn,ꪚꪉꪰ ꪅꪮꪙ,ꪚꪉꪰ ꪅꪮꪙ,ống điếu,32,OK
bẳng nặm,ꪚꪉꪰ ꪙꪾ,ꪚꪉꪰ ꪙꪾ,ống đựng nước.,32,OK
băư,ꪻꪚ,ꪻꪚ,"lá, tờ.",33,OK
băư bô,ꪻꪚ ꪶꪚ,ꪻꪚ ꪶꪚ,lá sen.,33,OK
băư chặư,ꪻꪚ ꪻꪋ,ꪻꪚ ꪻꪋ,lá sả.,33,OK
băư chẹn,ꪻꪚ ꪵꪋꪙ,ꪻꪚ ꪵꪋꪙ,tờ tiền.,33,OK
băư chể,ꪻꪚ ꪹꪊꪸ,ꪻꪚ ꪹꪊꪸ,tờ giấy.,33,OK
băư côốc,ꪻꪚ ꪶꪀꪀ,ꪻꪚ ꪶꪀꪀ,lá gốc.,33,OK
băư cút,ꪻꪚ ꪀꪒꪴ,ꪻꪚ ꪀꪒꪴ,lá dương xỉ.,33,OK
băư đín đỉ,ꪻꪚ ꪒꪲꪙ ꪒꪲ,ꪻꪚ ꪒꪲꪙ ꪒꪲ,lá ngải.,33,OK
băư đíp,ꪻꪚ ꪒꪲꪚ,ꪻꪚ ꪒꪲꪚ,lá tươi.,33,OK
băư đôổng,ꪻꪚ ꪶꪒꪉ,ꪻꪚ ꪶꪒꪉ,lá sâu.,33,OK
băư đung,ꪻꪚ ꪒꪉꪴ,ꪻꪚ ꪒꪉꪴ,lá rừng.,33,OK
băư fắc,ꪻꪚ ꪻꪞ,ꪻꪚ ꪻꪞ,lá rau.,33,OK
băư fớk,ꪻꪚ ꪹꪥꪷꪀ,ꪻꪚ ꪹꪥꪷꪀ,lá khoai sọ.,33,OK
băư fúc,ꪻꪚ ꪞꪕꪴ,ꪻꪚ ꪞꪕꪴ,lá ráy.,33,OK
băư hản,ꪻꪚ ꪬꪱꪙ,ꪻꪚ ꪬꪱꪙ,lá náng.,33,OK
bătr héo,ꪻꪚ ꪵꪬꪫ,ꪻꪚ ꪵꪬꪫ,lá héo.,34,OK
băư hển,ꪻꪚ ꪹꪭꪸꪙ,ꪻꪚ ꪹꪭꪸꪙ,lá xoan,34,OK
băư hom,ꪻꪚ ꪬꪮꪣ,ꪻꪚ ꪬꪮꪣ,lá thơm,34,OK
băư hu,ꪻꪚ ꪬꪴ,ꪻꪚ ꪬꪴ,vành tai.,34,OK
băư ké,ꪻꪚ ꪵꪀ,ꪻꪚ ꪵꪀ,lá già.,34,OK
băư kêêng,ꪻꪚ ꪹꪀꪸꪉ,ꪻꪚ ꪹꪀꪸꪉ,lá dứa.,34,OK
băư khá,ꪻꪚ ꪄꪱ,ꪻꪚ ꪄꪱ,lá giềng,34,OK
băư khang,ꪻꪚ ꪄꪱꪉ,ꪻꪚ ꪄꪱꪉ,lá trúc,34,OK
băư khán,ꪻꪚ ꪂꪱꪙ,ꪻꪚ ꪂꪱꪙ,lá úa.,34,OK
băư khát,ꪻꪚ ꪄꪱꪒ,ꪻꪚ ꪄꪱꪒ,lá rách,34,OK
băư khảu,ꪻꪚ ꪹꪂꪱ,ꪻꪚ ꪹꪂꪱ,lá lúa.,34,OK
băư kheo,ꪻꪚ ꪵꪄꪫ,ꪻꪚ ꪵꪄꪫ,lá xanh,34,OK
băư khinh,ꪻꪚ ꪄꪲꪉ,ꪻꪚ ꪄꪲꪉ,lá gừng,34,OK
băư lem,,ꪻꪚ ꪵꪨꪣ,lá nhọn,34,DAP_AN_CUT_CAN_SOAT
băư lôông,,ꪻꪚ ꪶꪨꪉ,lá to.,34,DAP_AN_CUT_CAN_SOAT
băư lơng,,ꪻꪚ ꪹꪨꪰꪉ,lá vàng,34,DAP_AN_CUT_CAN_SOAT
băư lún,,ꪻꪚ ꪨꪙꪴ,lá rụng,34,DAP_AN_CUT_CAN_SOAT
băư mạy,,ꪻꪚ ꪼꪣ,lá cây.,34,DAP_AN_CUT_CAN_SOAT
băư mì,ꪻꪚ ꪣꪲ,ꪻꪚ ꪣꪲ,lá mít.,34,OK
băư min,ꪻꪚ ꪘꪸꪙ,ꪻꪚ ꪘꪸꪙ,lá hắc.,34,OK
băư nam,ꪻꪚ ꪘꪱꪣ,ꪻꪚ ꪘꪱꪣ,lá gai.,35,OK
băư nát,ꪻꪚ ꪘꪱꪒ,ꪻꪚ ꪘꪱꪒ,lá đài bi.,35,OK
báu- nhàn,ꪻꪚ ꪑꪱꪙ,ꪻꪚ ꪑꪱꪙ,lá nhãn,35,OK
băư ngồn,ꪻꪚ ꪶꪉꪙ,ꪻꪚ ꪶꪉꪙ,lá ngón,35,OK
băư nọi,ꪻꪚ ꪙꪮꪤ,ꪻꪚ ꪙꪮꪤ,lá bé.,35,OK
băư ỏi,ꪻꪚ ꪮꪮꪤ,ꪻꪚ ꪮꪮꪤ,lá mía.,35,OK
băư ỏn,ꪻꪚ ꪮꪮꪙ,ꪻꪚ ꪮꪮꪙ,lá khoai lang,35,OK
băư ón,ꪻꪚ ꪮꪮꪙ,ꪻꪚ ꪮꪮꪙ,lá non.,35,OK
băư ổn,ꪻꪚ ꪶꪮꪙ,ꪻꪚ ꪶꪮꪙ,lá mập.,35,OK
băư pai,ꪻꪚ ꪜꪱꪠ,ꪻꪚ ꪜꪱꪠ,lá ngọn,35,OK
băư pạo,ꪻꪚ ꪝꪱꪫ,ꪻꪚ ꪝꪱꪫ,lá dừa.,35,OK
băư phát,ꪻꪚ ꪠꪱꪒ,ꪻꪚ ꪠꪱꪒ,lá nhội.,35,OK
băư pỏm,ꪻꪚ ꪜꪮꪣ,ꪻꪚ ꪜꪮꪣ,lá tròn,35,OK
băư pục,ꪻꪚ ꪝꪀꪴ,ꪻꪚ ꪝꪀꪴ,lá bưởi,35,OK
băư púng,ꪻꪚ ꪜꪉꪴ,ꪻꪚ ꪜꪉꪴ,lá mọc.,35,OK
băư sạng,ꪻꪚ ꪄꪱꪉ,ꪻꪚ ꪄꪱꪉ,lá tre.,35,OK
băư toong,ꪻꪚ ꪔꪮꪉ,ꪻꪚ ꪔꪮꪉ,lá dong,35,OK
băư vản,ꪻꪚ ꪪꪱꪙ,ꪻꪚ ꪪꪱꪙ,lá nghệ,35,OK
bău- xóp,ꪻꪚ ꪎꪮꪚ,ꪻꪚ ꪎꪮꪚ,lá tàn.,36,OK
băư xổi,ꪻꪚ ꪶꪎꪥ,ꪻꪚ ꪶꪎꪥ,lá thuôn.,36,OK
bẳư,ꪻꪚ,ꪻꪚ,ngu.,36,OK
bẳư ác,ꪻꪚ ꪮꪱꪀ,ꪻꪚ ꪮꪱꪀ,ngu quá.,36,OK
bắư bả,ꪻꪚ ꪚꪱ,ꪻꪚ ꪚꪱ,ngu dại.,36,OK
bẳư chà,ꪻꪚ ꪋꪱ,ꪻꪚ ꪋꪱ,ngu dổt.,36,OK
bẳir lai,ꪻꪚ ꪨꪱꪥ,ꪻꪚ ꪨꪱꪥ,ngu lắm.,36,OK
bẳư tăn,ꪻꪚ ꪔꪽ,ꪻꪚ ꪔꪽ,ngu ngốc.,36,OK
bẻ,ꪵꪚ,ꪵꪚ,dê.,36,OK
bẻ báng,ꪵꪚ ꪚꪱꪉ,ꪵꪚ ꪚꪱꪉ,dê khoang.,36,OK
bẽ cá,ꪵꪚ ꪀꪱ,ꪵꪚ ꪀꪱ,dê xổng.,36,OK
bẻ cák,ꪵꪚ ꪀꪱꪀ,ꪵꪚ ꪀꪱꪀ,dê đực.,36,OK
bẻ đăm,ꪵꪚ ꪒꪾ,ꪵꪚ ꪒꪾ,dê đen.,36,OK
bẻ đón,ꪵꪚ ꪒꪮꪙ,ꪵꪚ ꪒꪮꪙ,dê trắng,36,OK
bẻ hàk,ꪵꪚ ꪭꪱ,ꪵꪚ ꪭꪱ,dê chết do dịch,36,OK
bé hoọng,ꪵꪚ ꪭꪮꪉ,ꪵꪚ ꪭꪮꪉ,dê kêu.,36,OK
bẻ lôông,ꪵꪚ ꪶꪨꪉ,ꪵꪚ ꪶꪨꪉ,dê to.,36,OK
bẻ mạn,ꪵꪚ ꪣꪱꪙ,ꪵꪚ ꪣꪱꪙ,dê chửa.,36,OK
bẻ mé,ꪵꪚ ꪵꪣ,ꪵꪚ ꪵꪣ,dê cái.,37,OK
bẻ nọi,ꪵꪚ ꪙꪮꪥ,ꪵꪚ ꪙꪮꪥ,dê con.,37,OK
bẻ ón,ꪵꪚ ꪮꪮꪙ,ꪵꪚ ꪮꪮꪙ,dê non.,37,OK
bẻ thảu,ꪵꪚ ꪹꪖꪱ,ꪵꪚ ꪹꪖꪱ,dê già.,37,OK
bék,ꪵꪚꪀ,ꪵꪚꪀ,vác.,37,OK
bék bau,ꪵꪚꪀ ꪹꪚꪱ,ꪵꪚꪀ ꪹꪚꪱ,vác nhẹ.,37,OK
bék chói,ꪵꪚꪀ ꪋꪮꪥ,ꪵꪚꪀ ꪋꪮꪥ,vác giúp,37,OK
bék chóp,ꪵꪚꪀ ꪊꪮꪚ,ꪵꪚꪀ ꪊꪮꪚ,vác cuốc,37,OK
bék chòng,ꪵꪚꪀ ꪹꪊꪷꪉ,ꪵꪚꪀ ꪹꪊꪷꪉ,vác hàng,37,OK
bék ham,ꪵꪚꪀ ꪬꪱꪣ,ꪵꪚꪀ ꪬꪱꪣ,khiêng vác.,37,OK
bék khan,ꪵꪚꪀ ꪄꪱꪙ,ꪵꪚꪀ ꪄꪱꪙ,vác búa.,37,OK
bék khảu,ꪵꪚꪀ ꪹꪂꪱ,ꪵꪚꪀ ꪹꪂꪱ,vác gạo.,37,OK
bék khửn,ꪵꪚꪀ ꪄꪙ,ꪵꪚꪀ ꪄꪙ,vác lên.,37,OK
bék mạy,ꪵꪚꪀ ꪼꪣ,ꪵꪚꪀ ꪼꪣ,vác gồ.,37,OK
bék mới,ꪵꪚꪀ ꪹꪣꪰꪥ,ꪵꪚꪀ ꪹꪣꪰꪥ,vác mỏi.,37,OK
bék nới,ꪵꪚꪀ ꪹꪘꪰꪥ,ꪵꪚꪀ ꪹꪘꪰꪥ,vác mệt.,37,OK
bék pay,ꪵꪚꪀ ꪼꪜ,ꪵꪚꪀ ꪼꪜ,vác đi.,37,OK
bék thay,ꪵꪚꪀ ꪼꪖ,ꪵꪚꪀ ꪼꪖ,vác cày.,37,OK
bem,ꪵꪚꪣ,ꪵꪚꪣ,"b em .""’",38,OK
bem chôống,ꪵꪚꪣ ꪶꪋꪉ,ꪵꪚꪣ ꪶꪋꪉ,bem đựng.,38,OK
ben,ꪵꪚꪙ,ꪵꪚꪙ,nghịch.,38,OK
ben lai,ꪵꪚꪙ ꪨꪱꪥ,ꪵꪚꪙ ꪨꪱꪥ,nghịch lắm.,38,OK
ben táu,ꪵꪚꪙ ꪹꪔꪱ,ꪵꪚꪙ ꪹꪔꪱ,nghịch đùa.,38,OK
bẻn,ꪵꪚꪙ,ꪵꪚꪙ,cặc.,38,OK
bẻn bẻ,ꪵꪚꪙ ꪵꪚ,ꪵꪚꪙ ꪵꪚ,cặc dê.,38,OK
bẻn hăm,ꪵꪚꪙ ꪬꪾ,ꪵꪚꪙ ꪬꪾ,cặc dái.,38,OK
bẻn hộ,ꪵꪚꪙ ꪶꪭ,ꪵꪚꪙ ꪶꪭ,cặc bò.,38,OK
bẻn mạ,ꪵꪚꪙ ꪣꪱ,ꪵꪚꪙ ꪣꪱ,cặc ngựa.,38,OK
bén,ꪵꪚꪙ,ꪵꪚꪙ,"bắn, đốt.",38,OK
bén ca,ꪵꪚꪙ ꪀꪱ,ꪵꪚꪙ ꪀꪱ,bắn quạ.,38,OK
bén cung,ꪵꪚꪙ ꪀꪉꪴ,ꪵꪚꪙ ꪀꪉꪴ,bắn cung.,38,OK
bén đàn,ꪵꪚꪙ ꪓꪱꪙ,ꪵꪚꪙ ꪓꪱꪙ,bắn đạn.,39,OK
bén fảo,ꪵꪚꪙ ꪞꪱꪫ,ꪵꪚꪙ ꪞꪱꪫ,đốt pháo,39,OK
bén mi,ꪵꪚꪙ ꪘꪲ,ꪵꪚꪙ ꪘꪲ,bẳn gấu.,39,OK
bén nả,ꪵꪚꪙ ꪘꪱ,ꪵꪚꪙ ꪘꪱ,bắn nỏ.,39,OK
bén nôộc,ꪵꪚꪙ ꪶꪙꪀ,ꪵꪚꪙ ꪶꪙꪀ,bẩn chim,39,OK
bén pun,ꪵꪚꪙ ꪜꪙꪸ,ꪵꪚꪙ ꪜꪙꪸ,bắn tên.,39,OK
bén tai,ꪵꪚꪙ ꪔꪱꪥ,ꪵꪚꪙ ꪔꪱꪥ,bắn chết,39,OK
bén thớng,ꪵꪚꪙ ꪹꪖꪰꪉ,ꪵꪚꪙ ꪹꪖꪰꪉ,bắn nỏ.,39,OK
bén tsạt,ꪵꪚꪙ ꪍꪱꪒ,ꪵꪚꪙ ꪍꪱꪒ,bắn trượt,39,OK
bén tsúng,ꪵꪚꪙ ꪌꪉꪴ,ꪵꪚꪙ ꪌꪉꪴ,bắn súng,39,OK
bén xơ,ꪵꪚꪙ ꪹꪎꪰ,ꪵꪚꪙ ꪹꪎꪰ,bắn hổ.,39,OK
béng,ꪵꪚꪉ,ꪵꪚꪉ,"chia, phần, mẻ.",39,OK
béng ceng,ꪵꪚꪉ ꪵꪀꪉ,ꪵꪚꪉ ꪵꪀꪉ,phần canh,39,OK
béng hẳư,ꪵꪚꪉ ꪻꪬ,ꪵꪚꪉ ꪻꪬ,phần cho.,39,OK
béng khẻo,ꪵꪚꪉ ꪵꪄꪫ,ꪵꪚꪉ ꪵꪄꪫ,mẻ răng,39,OK
béng khảu,ꪵꪚꪉ ꪹꪂꪱ,ꪵꪚꪉ ꪹꪂꪱ,phần cơm.,39,OK
béng păn,ꪵꪚꪉ ꪜꪽ,ꪵꪚꪉ ꪜꪽ,chia sẻ.,39,OK
béng thoóng,ꪵꪚꪉ ꪖꪮꪉ,ꪵꪚꪉ ꪖꪮꪉ,chia nửa.,39,OK
béng xoong,ꪵꪚꪉ ꪎꪮꪰꪉ,ꪵꪚꪉ ꪎꪮꪰꪉ,chia đôi.,39,OK
bẻo,ꪵꪚꪫ,ꪵꪚꪫ,lừa.,39,OK
bẻo căn,ꪵꪚꪫ ꪀꪽ,ꪵꪚꪫ ꪀꪽ,lừa nhau,40,OK
béo chẹn,ꪵꪚꪫ ꪵꪋꪙ,ꪵꪚꪫ ꪵꪋꪙ,lừa tiền,40,OK
bẻo cụn,ꪵꪚꪫ ꪌ,ꪵꪚꪫ ꪌ,lừa người,40,OK
bẻo là,ꪵꪚꪫ ꪩꪱ,ꪵꪚꪫ ꪩꪱ,lừa đao.,40,OK
bẻo lò,ꪵꪚꪫ ꪩꪰ,ꪵꪚꪫ ꪩꪰ,lừa dối.,40,OK
bẻo pạng,ꪵꪚꪫ ꪝꪱꪉ,ꪵꪚꪫ ꪝꪱꪉ,lừa lọc.,40,OK
bê,ꪹꪚꪸ,ꪹꪚꪸ,bia.,40,OK
bê đán,ꪹꪚꪸ ꪒꪱꪙ,ꪹꪚꪸ ꪒꪱꪙ,bia đá.,40,OK
bê héok,ꪹꪚꪸ ꪵꪭꪫ,ꪹꪚꪸ ꪵꪭꪫ,bia mộ.,40,OK
bể,ꪹꪚꪸ,ꪹꪚꪸ,"lạng, biển.",40,OK
bể ết,ꪹꪚꪸ ꪹꪮꪸꪒ,ꪹꪚꪸ ꪹꪮꪸꪒ,lạng mốt.,40,OK
bể kí lố,ꪹꪚꪸ ꪀꪲ ꪶꪨ,ꪹꪚꪸ ꪀꪲ ꪶꪨ,lạng ki-lô.,40,OK
bể lôông,ꪹꪚꪸ ꪶꪨꪉ,ꪹꪚꪸ ꪶꪨꪉ,biển lớn.,40,OK
bể ngựn,ꪹꪚꪸ ꪉꪙꪳ,ꪹꪚꪸ ꪉꪙꪳ,lạng bạc.,40,OK
bể nứng,ꪹꪚꪸ ꫜ,ꪹꪚꪸ ꫜ,một lạng.,40,OK
bể thoóng,ꪹꪚꪸ ꪖꪮꪉ,ꪹꪚꪸ ꪖꪮꪉ,lạng rưỡi.,40,OK
bế,ꪹꪚꪸ,ꪹꪚꪸ,"tờ, bức, tàu, chiếc.",40,OK
bế chẹn,ꪹꪚꪸ ꪵꪋꪙ,ꪹꪚꪸ ꪵꪋꪙ,tờ tiền.,40,OK
bế chể,ꪹꪚꪸ ꪹꪊꪸ,ꪹꪚꪸ ꪹꪊꪸ,tờ giấy,41,OK
bế ẻng,ꪹꪚꪸ ꪵꪮꪉ,ꪹꪚꪸ ꪵꪮꪉ,bức ảnh.,41,OK
bế khăn,ꪹꪚꪸ ꪂꪽ,ꪹꪚꪸ ꪂꪽ,chiếc khăn,41,OK
bế toong,ꪹꪚꪸ ꪔꪮ,ꪹꪚꪸ ꪔꪮ,tàu lá.,41,OK
bên,ꪹꪚꪸꪙ,ꪹꪚꪸꪙ,cót.(l),41,OK
bên khảu,ꪹꪚꪸꪙ ꪹꪂꪱ,ꪹꪚꪸꪙ ꪹꪂꪱ,cót đổ xôi.,41,OK
bệt bệt,,ꪹꪛꪸꪒ ꪹꪛꪸꪒ,bê bết.,41,DAP_AN_CUT_CAN_SOAT
bểu,ꪹꪚꪸꪫ,ꪹꪚꪸꪫ,méo.,41,OK
bểu chài,ꪹꪚꪸꪫ ꪋꪱꪥ,ꪹꪚꪸꪫ ꪋꪱꪥ,méo xệch,41,OK
bểu xốp,ꪹꪚꪸꪫ ꪶꪎꪚ,ꪹꪚꪸꪫ ꪶꪎꪚ,méo miệng.,41,OK
bi,ꪚꪲ,ꪚꪲ,mật.,41,OK
bi hộ pá,ꪚꪲ ꪶꪭ ꪜꪱ,ꪚꪲ ꪶꪭ ꪜꪱ,mật bò tót.,41,OK
bi khum,ꪚꪲ ꪂꪣꪴ,ꪚꪲ ꪂꪣꪴ,mật đắng,42,OK
bi láng,ꪚꪲ ꪨꪱꪉ,ꪚꪲ ꪨꪱꪉ,mật trăn.,42,OK
bi mi,ꪚꪲ ꪢꪲ,ꪚꪲ ꪢꪲ,mật gấu.,42,OK
bi mu,ꪚꪲ ꪢꪴ,ꪚꪲ ꪢꪴ,mật lợn.,42,OK
bi ngụ,ꪚꪲ ꪉꪴ,ꪚꪲ ꪉꪴ,mật rắn.,42,OK
bi xơ,ꪚꪲ ꪹꪎꪷ,ꪚꪲ ꪹꪎꪷ,mật hổ.,42,OK
bi pa,ꪚꪲ ꪜꪱ,ꪚꪲ ꪜꪱ,mật cá.,42,OK
bỉ,ꪚꪲ,ꪚꪲ,chuồn chuồn.,42,OK
bỉ bin,ꪚꪲ ꪚꪲꪙ,ꪚꪲ ꪚꪲꪙ,chuồn chuồn bay.,42,OK
bỉ đăm,ꪚꪲ ꪒꪾ,ꪚꪲ ꪒꪾ,chuôn chuôn đen.,42,OK
bỉ đeng,ꪚꪲ ꪵꪒꪉ,ꪚꪲ ꪵꪒꪉ,chuồn chuồn ớt.,42,OK
bỉ hái,ꪚꪲ ꪭꪱꪥ,ꪚꪲ ꪭꪱꪥ,chuồn chuồn lượn.,42,OK
bỉ khim,ꪚꪲ ꪄꪲꪣ,ꪚꪲ ꪄꪲꪣ,chuồn chuồn kim.,42,OK
bỉ lại,ꪚꪲ ꪩꪱꪥ,ꪚꪲ ꪩꪱꪥ,chuồn chuồn hoa.,42,OK
bỉ tôốc nặm,ꪚꪲ ꪶꪔꪀ ꪙꪾ,ꪚꪲ ꪶꪔꪀ ꪙꪾ,chuồn chuồn đạp nước.,42,OK
bí,ꪚꪲ,ꪚꪲ,"bới, vạch",42,OK
bí hau,ꪚꪲ ꪹꪬꪱ,ꪚꪲ ꪹꪬꪱ,bới chấy,42,OK
bin,ꪚꪲꪙ,ꪚꪲꪙ,bay.,43,OK
bin đúng,ꪚꪲꪙ ꪒꪉꪴ,ꪚꪲꪙ ꪒꪉꪴ,bay bống,43,OK
bin fú fú,,ꪚꪲꪙ ꪞꪴ ꪞꪴ,bay vù vù.,43,DAP_AN_CUT_CAN_SOAT
bin hái,ꪚꪲꪙ ꪭꪱꪥ,ꪚꪲꪙ ꪭꪱꪥ,bay lượn,43,OK
bin khửn,ꪚꪲꪙ ꪄꪙ,ꪚꪲꪙ ꪄꪙ,bay lên.,43,OK
bin lụng,ꪚꪲꪙ ꪩꪉꪴ,ꪚꪲꪙ ꪩꪉꪴ,bay xuông.,43,OK
bin mén,ꪚꪲꪙ ꪵꪣꪙ,ꪚꪲꪙ ꪵꪣꪙ,bay nhanh,43,OK
bin nạn,ꪚꪲꪙ ꪙꪱꪙ,ꪚꪲꪙ ꪙꪱꪙ,bay chậm,43,OK
bin ỏm,ꪚꪲꪙ ꪮꪮꪣ,ꪚꪲꪙ ꪮꪮꪣ,bay vòng,43,OK
bin thiu,ꪚꪲꪙ ꪖꪲꪫ,ꪚꪲꪙ ꪖꪲꪫ,bay vút.,43,OK
bin xẻo,ꪚꪲꪙ ꪵꪎꪫ,ꪚꪲꪙ ꪵꪎꪫ,bay lượn.,43,OK
bít,ꪚꪲꪒ,ꪚꪲꪒ,"cấu, gỡ.",43,OK
bít cảng,ꪜꪲꪒ ꪀꪱꪉ,ꪜꪲꪒ ꪀꪱꪉ,gỡ xương,43,OK
bít chếp,ꪚꪲꪒ ꪹꪊꪸꪚ,ꪚꪲꪒ ꪹꪊꪸꪚ,cấu đau.,43,OK
bít chôốc,ꪚꪲꪒ ꪶꪊꪀ,ꪚꪲꪒ ꪶꪊꪀ,cào cấu.,43,OK
bít còi,ꪚꪲꪒ ꪁꪮꪥ,ꪚꪲꪒ ꪁꪮꪥ,cấu nhẹ.,43,OK
bít hẹng,ꪚꪲꪒ ꪵꪭꪉ,ꪚꪲꪒ ꪵꪭꪉ,cấu mạnh,43,OK
bít kha,ꪚꪲꪒ ꪄꪱ,ꪚꪲꪒ ꪄꪱ,cấu chân,43,OK
bít mự,ꪚꪲꪒ ꪣꪳ,ꪚꪲꪒ ꪣꪳ,cấu tay.,43,OK
bo,ꪚꪷ,ꪚꪷ,"dãi, hứng",44,OK
bo đét,ꪚꪷ ꪵꪒꪒ,ꪚꪷ ꪵꪒꪒ,dãi nắng,44,OK
bo hòn,ꪚꪷ ꪭꪮꪙ,ꪚꪷ ꪭꪮꪙ,hứng nóng,44,OK
bo khựm,ꪚꪷ ꪅꪣꪳ,ꪚꪷ ꪅꪣꪳ,hứng lạnh,44,OK
bo lụm,ꪚꪷ ꪩꪣꪴ,ꪚꪷ ꪩꪣꪴ,hứng gió.,44,OK
bo mơi,ꪚꪷ ꪹꪢꪷꪥ,ꪚꪷ ꪹꪢꪷꪥ,dãi sương,44,OK
bo nao,ꪚꪷ ꪘꪱꪫ,ꪚꪷ ꪘꪱꪫ,hứng rét.,44,OK
bo phưn,ꪚꪷ ꪥꪙꪳ,ꪚꪷ ꪥꪙꪳ,dãi mưa.,44,OK
bó,ꪚꪷ,ꪚꪷ,"mỏ, nguồn",44,OK
bó chựn,ꪚꪷ ꪋꪚꪳ,ꪚꪷ ꪋꪚꪳ,mỏ chì.,44,OK
bó cơ,ꪚꪷ ꪹꪀꪷ,ꪚꪷ ꪹꪀꪷ,mỏ muối,44,OK
bó củng,ꪚꪷ ꪀꪉꪴ,ꪚꪷ ꪀꪉꪴ,nguồn tôm.,44,OK
bó đán,ꪚꪷ ꪒꪱꪙ,ꪚꪷ ꪒꪱꪙ,mỏ đá.,44,OK
bó lêếc,ꪚꪷ ꪹꪨꪸꪀ,ꪚꪷ ꪹꪨꪸꪀ,mỏ sắt.,44,OK
bó nặm,ꪚꪷ ꪙꪾ,ꪚꪷ ꪙꪾ,nguồn nước,44,OK
bó ngựn,ꪚꪷ ꪉꪳꪙ,ꪚꪷ ꪉꪳꪙ,mỏ bạc.,44,OK
bó pa,ꪚꪷ ꪜꪱ,ꪚꪷ ꪜꪱ,nguồn cá.,44,OK
bó thán,ꪚꪷ ꪖꪱꪙ,ꪚꪷ ꪖꪱꪙ,mỏ than,44,OK
bó toọng,ꪚꪷ ꪮꪉ,ꪚꪷ ꪮꪉ,mỏ đồng.,44,OK
bók,ꪚꪮꪀ,ꪚꪮꪀ,"dạy, bảo, hoa.",45,OK
bók ban,ꪚꪮꪀ ꪚꪱꪚ,ꪚꪮꪀ ꪚꪱꪚ,hoa ban.,45,OK
bók bẻ,ꪚꪮꪀ ꪵꪚ,ꪚꪮꪀ ꪵꪚ,hoa ngón trắng,45,OK
bók bô,ꪚꪮꪀ ꪶꪚ,ꪚꪮꪀ ꪶꪚ,hoa sen.,45,OK
bók cài,ꪚꪮꪀ ꪁꪱꪥ,ꪚꪮꪀ ꪁꪱꪥ,hoa vải.,45,OK
bók cắm,ꪚꪮꪀ ꪀꪾ,ꪚꪮꪀ ꪀꪾ,hoa tím.,45,OK
bók căn,ꪚꪮꪀ ꪀꪽ,ꪚꪮꪀ ꪀꪽ,bảo nhau,45,OK
bók chá,ꪚꪮꪀ ꪋꪱ,ꪚꪮꪀ ꪋꪱ,hoa giả.,45,OK
bók chăn,ꪚꪮꪀ ꪊꪽ,ꪚꪮꪀ ꪊꪽ,hoa na.,45,OK
bók chể,ꪚꪮꪀ ꪹꪊꪸ,ꪚꪮꪀ ꪹꪊꪸ,hoa giấy,45,OK
bók chom,ꪚꪮꪀ ꪊꪮꪣ,ꪚꪮꪀ ꪊꪮꪣ,hoa chanh,45,OK
bók dáu,ꪚꪮꪀ ꪹꪥꪱ,ꪚꪮꪀ ꪹꪥꪱ,hoa trẩu,45,OK
bók dè,ꪚꪮꪀ ꪵꪥ,ꪚꪮꪀ ꪵꪥ,hoa dại.,45,OK
bók đạo,ꪚꪮꪀ ꪓꪱꪫ,ꪚꪮꪀ ꪓꪱꪫ,hoa màu hồng,45,OK
bók đeng,ꪚꪮꪀ ꪵꪒꪉ,ꪚꪮꪀ ꪵꪒꪉ,hoa đỏ.,45,OK
bók đíp,ꪚꪮꪀ ꪒꪲꪚ,ꪚꪮꪀ ꪒꪲꪚ,hoa tươi,45,OK
bók đón,ꪚꪮꪀ ꪒꪮꪙ,ꪚꪮꪀ ꪒꪮꪙ,hoa trắng,45,OK
bók đung,ꪚꪮꪀ ꪒꪉꪴ,ꪚꪮꪀ ꪒꪉꪴ,hoa rừng,45,OK
bók fung,ꪚꪮꪀ ꪞꪉꪴ,ꪚꪮꪀ ꪞꪉꪴ,hoa nở.,45,OK
bók héo,ꪚꪮꪀ ꪵꪬꪫ,ꪚꪮꪀ ꪵꪬꪫ,hoa héo.,45,OK
bók hom,ꪚꪰ ꪒꪱꪣ,ꪚꪰ ꪒꪱꪣ,hoa thonm.,45,OK
bók hon cáy,ꪚꪰ ꪶ ꪨꪸꪀ,ꪚꪰ ꪶ ꪨꪸꪀ,hoa mào gà.,46,OK
bók kêểng,ꪚꪰ ꪣꪾ,ꪚꪰ ꪣꪾ,hoa cam.,46,OK
bók khá,ꪚꪰ ꪉꪳꪣ,ꪚꪰ ꪉꪳꪣ,hoa riềng.,46,OK
bók khay,ꪚꪰ ꪜꪱ,ꪚꪰ ꪜꪱ,hoa nở.,46,OK
bók khim,ꪚꪰ ꪖꪱꪣ,ꪚꪰ ꪖꪱꪣ,hoa cỏ may.,46,OK
bók khắư,ꪚꪰ ꪕꪮꪉ,ꪚꪰ ꪕꪮꪉ,hoa khô.,46,OK
bók khằn,,ꪚꪮꪀ ꪅꪽ,hoa đẹp.,46,DAP_AN_CUT_CAN_SOAT
bók khĩ mu,,ꪚꪮꪀ ꪄꪲ ꪢꪴ,hoa cứt lợn.,46,DAP_AN_CUT_CAN_SOAT
bók lan,ꪚꪮꪀ ꪶꪶꪚ,ꪚꪮꪀ ꪶꪶꪚ,dạy cháu.,46,OK
bók lệp mự,,ꪚꪮꪀ ꪹꪩꪸꪚ ꪣꪳ,hoa phong lan.,46,DAP_AN_CUT_CAN_SOAT
bók long,ꪚꪮꪀ ꪁꪱꪥ,ꪚꪮꪀ ꪁꪱꪥ,hoa vàng.,46,OK
bók lụk,ꪚꪮꪀ ꪀꪾ,ꪚꪮꪀ ꪀꪾ,dạy con.,46,OK
bók lún,ꪚꪮꪀ ꪀꪣ,ꪚꪮꪀ ꪀꪣ,hoa rụng.,46,OK
bók mằn,ꪚꪮꪀ ꪋꪱ,ꪚꪮꪀ ꪋꪱ,hoa mận.,46,OK
bók mự,ꪚꪮꪀ ꪊꪙ,ꪚꪮꪀ ꪊꪙ,hoa tay.,46,OK
bók mứn,ꪚꪮꪀ ꪶꪊꪸ,ꪚꪮꪀ ꪶꪊꪸ,hoa đào.,46,OK
bók nam cựn,,ꪚꪮꪀ ꪘꪱꪣ ꪁꪙꪳ,hoa xương rồng.,46,DAP_AN_CUT_CAN_SOAT
bók ngìu,ꪚꪮꪀ ꪶꪥꪱ,ꪚꪮꪀ ꪶꪥꪱ,hoa gạo.,46,OK
bók ngồm,ꪚꪮꪀ ꪶꪶꪥ,ꪚꪮꪀ ꪶꪶꪥ,hoa ngọc lan.,46,OK
bók ngộn,ꪚꪮꪀ ꪓꪱꪫ,ꪚꪮꪀ ꪓꪱꪫ,hoa ngón.,46,OK
bók phặng,ꪚꪮꪀ ꪶꪶꪒꪉ,ꪚꪮꪀ ꪶꪶꪒꪉ,bảo nghe.,46,OK
bók phớng,ꪚꪮꪀ ꪒ,ꪚꪮꪀ ꪒ,hoa khế.,47,OK
bók phung,ꪚꪮꪀ ꪥꪉꪴ,ꪚꪮꪀ ꪥꪉꪴ,hoa mơ.,47,OK
bók pục,,ꪚꪮꪀ ꪝꪀꪴ,hoa bưởi.,47,DAP_AN_CUT_CAN_SOAT
bók púk,ꪚꪮꪀ ꪜꪀꪴ,ꪚꪮꪀ ꪜꪀꪴ,hoa trồng.,47,OK
bók púng,ꪚꪮꪀ ꪜꪉꪴ,ꪚꪮꪀ ꪜꪉꪴ,hoa nảy.,47,OK
bók sòn,ꪚꪮꪀ ꪏꪮꪙ,ꪚꪮꪀ ꪏꪮꪙ,hoa hồng.,47,OK
bók sòn đón,ꪜꪮꪀ ꪏꪮꪙ ꪒꪮꪙ,ꪜꪮꪀ ꪏꪮꪙ ꪒꪮꪙ,hoa dành dành.,47,OK
bók sòn nọi,ꪚꪮꪀ ꪏꪮꪙ ꪙꪮꪥ,ꪚꪮꪀ ꪏꪮꪙ ꪙꪮꪥ,hoa nhài.,47,OK
bók ta vịn,ꪚꪮꪀ ꪔꪱ ꪆꪲꪙ,ꪚꪮꪀ ꪔꪱ ꪆꪲꪙ,hoa hướng dưong.,47,OK
bók thùng hao,ꪚꪮꪀ ꪗꪉꪴ ꪬꪱꪫ,ꪚꪮꪀ ꪗꪉꪴ ꪬꪱꪫ,hoa cúc.,47,OK
bók tin pết,ꪚꪮꪀ ꪔꪲꪙ ꪶꪜꪸꪫ,ꪚꪮꪀ ꪔꪲꪙ ꪶꪜꪸꪫ,hoa đại.,47,OK
bók toóng,ꪚꪮꪀ ꪚꪮꪉ,ꪚꪮꪀ ꪚꪮꪉ,hoa vông.,47,OK
bók tôốc,ꪚꪮꪀ ꪶꪔꪀ,ꪚꪮꪀ ꪶꪔꪀ,hoa rơi.,47,OK
bók va,ꪚꪮꪀ ꪪꪱ,ꪚꪮꪀ ꪪꪱ,hoa dâm bụt.,47,OK
bók vản,ꪚꪮꪀ ꪪꪱꪙ,ꪚꪮꪀ ꪪꪱꪙ,hoa nghệ.,47,OK
bók ve,ꪚꪮꪀ ꪶꪶꪪ,ꪚꪮꪀ ꪶꪶꪪ,hoa loa kèn.,47,OK
bók xan,ꪚꪮꪀ ꪎꪱꪙ,ꪚꪮꪀ ꪎꪱꪙ,dạy học.,47,OK
bók xéo,ꪚꪮꪀ ꪵꪎꪫ,ꪚꪮꪀ ꪵꪎꪫ,hoa thêu.,47,OK
bók xíp chớ,ꪚꪮꪀ ꪎꪲꪚ ꪨꪰ,ꪚꪮꪀ ꪎꪲꪚ ꪨꪰ,hoa mười giờ.,47,OK
bók xon,ꪚꪮꪀ ꪎꪮꪙ,ꪚꪮꪀ ꪎꪮꪙ,dạy bảo.,47,OK
bók xóp,ꪚꪮꪀ ꪎꪮꪚ,ꪚꪮꪀ ꪎꪮꪚ,hoa tàn.,48,OK
bók xôn,ꪚꪮꪀ ꪶꪎꪙ,ꪚꪮꪀ ꪶꪎꪙ,hoa vườn.,48,OK
bon,ꪚꪮꪙ,ꪚꪮꪙ,bon.,48,OK
bón,ꪚꪮꪙ,ꪚꪮꪙ,nơi.,48,OK
bón dú,ꪚꪮꪙ ꪤꪴ,ꪚꪮꪙ ꪤꪴ,nơi ở.,48,OK
bón đắc,ꪚꪮꪙ ꪒꪀꪰ,ꪚꪮꪙ ꪒꪀꪰ,nơi xa.,48,OK
bón đăư,ꪚꪮꪙ ꪻꪒ,ꪚꪮꪙ ꪻꪒ,nơi nào?,48,OK
bón nằn,ꪚꪮꪙ ꪙꪙ,ꪚꪮꪙ ꪙꪙ,nơi kia.,48,OK
bón nị,ꪚꪮꪙ ꪙꪲ,ꪚꪮꪙ ꪙꪲ,nơi này.,48,OK
bón quảng,ꪚꪮꪙ ꪀꪆꪱꪉ,ꪚꪮꪙ ꪀꪆꪱꪉ,nơi rộng,48,OK
bón tsẳư,ꪚꪮꪙ ꪻꪌ,ꪚꪮꪙ ꪻꪌ,nơi gần.,48,OK
bón ứn,ꪚꪮꪙ ꪮꪙꪳ,ꪚꪮꪙ ꪮꪙꪳ,nơi khác.,48,OK
boong,ꪚꪮꪉ,ꪚꪮꪉ,"muối, ngâm",48,OK
boong fắc,ꪚꪮꪉ ꪞꪀ,ꪚꪮꪉ ꪞꪀ,muối dưa.,48,OK
boong nhăm,ꪚꪮꪉ ꪐꪾꪷ,ꪚꪮꪉ ꪐꪾꪷ,muôi thịt,48,OK
boong nó,ꪚꪮꪉ ꪘꪰ,ꪚꪮꪉ ꪘꪰ,ngâm măng.,48,OK
boong ớt,ꪚꪮꪉ ꪹꪮꪰꪒ,ꪚꪮꪉ ꪹꪮꪰꪒ,ngâm ớt.,49,OK
boong pa,ꪚꪮꪉ ꪜꪱ,ꪚꪮꪉ ꪜꪱ,muối cá.,49,OK
boong xủm,ꪚꪮꪉ ꪎꪙꪴ,ꪚꪮꪉ ꪎꪙꪴ,muối chua.,49,OK
bót,ꪚꪮꪒ,ꪚꪮꪒ,mù.,49,OK
bót ta,ꪚꪮꪒ ꪔꪱ,ꪚꪮꪒ ꪔꪱ,mù mắt.,49,OK
bố,ꪶꪚ,ꪶꪚ,hõm.,49,OK
bố cám,ꪶꪚ ꪁꪱꪣ,ꪶꪚ ꪁꪱꪣ,khe mông,49,OK
bố đin,ꪶꪚ ꪒꪲꪣ,ꪶꪚ ꪒꪲꪣ,hõm đất.,49,OK
bố khám,ꪶꪚ ꪅꪱꪙ,ꪶꪚ ꪅꪱꪙ,hõm đá.,49,OK
bố lợc,ꪶꪚ ꪹꪩꪰꪀ,ꪶꪚ ꪹꪩꪰꪀ,hõm sâu.,49,OK
bố ngá,ꪶꪚ ꪉꪱ,ꪶꪚ ꪉꪱ,hõm quai xanh,49,OK
bố sai,ꪶꪚ ꪄꪱꪥ,ꪶꪚ ꪄꪱꪥ,hõm cát.,49,OK
bôốc,ꪶꪚꪀ,ꪶꪚꪀ,bờ.,49,OK
bôốc đỉn,ꪶꪚꪀ ꪒꪲꪙ,ꪶꪚꪀ ꪒꪲꪙ,bờ đất.,49,OK
bôốc nặm,ꪶꪚꪀ ꪙꪾꪷ,ꪶꪚꪀ ꪙꪾꪷ,bờ suối,49,OK
bôốc sai,ꪶꪚꪀ ꪏꪱꪥ,ꪶꪚꪀ ꪏꪱꪥ,bờ cát.,49,OK
bốk,ꪶꪚꪀ,ꪶꪚꪀ,"ống đựng, vũng nhỏ.",50,OK
bốk nặm,ꪶꪚꪀ ꪙꪾꪷ,ꪶꪚꪀ ꪙꪾꪷ,vũng nước nho.,50,OK
bốm bốm,,ꪶꪚꪣ ꪶꪚꪣ,bùm bùm.,50,DAP_AN_CUT_CAN_SOAT
bốn,ꪶꪚꪙ,ꪶꪚꪙ,chui,50,OK
bốn cai,ꪶꪚꪣ ꪀꪱꪥ,ꪶꪚꪣ ꪀꪱꪥ,chui qua.,50,OK
bốn hô,ꪶꪚꪙ ꪶꪬ,ꪶꪚꪙ ꪶꪬ,chui đầu.,50,OK
bốn hồ,ꪶꪚꪙ ꪶꪭ,ꪶꪚꪙ ꪶꪭ,chui rào.,50,OK
bốn khảu,ꪶꪚꪙ ꪹꪘꪱ,ꪶꪚꪙ ꪹꪘꪱ,chui vào.,50,OK
bốn khửn,ꪶꪚꪙ ꪘꪙꪳ,ꪶꪚꪙ ꪘꪙꪳ,chui lên.,50,OK
bốn lụng,ꪶꪚꪙ ꪩꪉꪴ,ꪶꪚꪙ ꪩꪉꪴ,chui xuống,50,OK
bốn ók,ꪶꪚꪙ ꪮꪮꪀ,ꪶꪚꪙ ꪮꪮꪀ,chui ra.,50,OK
bôông,ꪶꪚꪉ,ꪶꪚꪉ,phi.,50,OK
bôông mà,ꪶꪚꪉ ꪣꪱ,ꪶꪚꪉ ꪣꪱ,phi ngựa,50,OK
bôông mén,ꪶꪚꪉ ꪵꪣꪙ,ꪶꪚꪉ ꪵꪣꪙ,phi nhanh,50,OK
bôông săm,ꪶꪚꪉ ꪏꪾꪷ,ꪶꪚꪉ ꪏꪾꪷ,đi nước kiệu.,50,OK
bôộng,ꪶꪛꪉ,ꪶꪛꪉ,buồng,51,OK
bôộng nọn,ꪶꪛꪉ ꪙꪮꪙ,ꪶꪛꪉ ꪙꪮꪙ,buồng ngu.,51,OK
bốt,ꪶꪚꪒ,ꪶꪚꪒ,râm.,51,OK
bơ,ꪹꪚꪰ,ꪹꪚꪰ,"men, bột, duốc.( 1 ’",51,OK
bơ chinh,ꪹꪚꪰ ꪊꪲꪉ,ꪹꪚꪰ ꪊꪲꪉ,bột dong,51,OK
bơ khảu,ꪹꪚꪰ ꪹꪂꪱ,ꪹꪚꪰ ꪹꪂꪱ,bột gạo.,51,OK
bơ lảu,ꪹꪚꪰ ꪹꪨꪱ,ꪹꪚꪰ ꪹꪨꪱ,men rượu,51,OK
bơ pa,ꪹꪚꪰ ꪜꪱ,ꪹꪚꪰ ꪜꪱ,duổc cá.,51,OK
bơ tủn,ꪹꪚꪰ ꪔꪙꪴ,ꪹꪚꪰ ꪔꪙꪴ,bôt sắn.,51,OK
bơ xum,ꪹꪚꪰ ꪎꪣꪴ,ꪹꪚꪰ ꪎꪣꪴ,duổc lá cơi.,51,OK
bơ,ꪹꪚꪰ,ꪹꪚꪰ,bướm,51,OK
bở bin,ꪹꪚꪰ ꪚꪲꪙ,ꪹꪚꪰ ꪚꪲꪙ,bướm bay.,51,OK
bở chắp,ꪹꪚꪰ ꪊꪾꪷꪚ,ꪹꪚꪰ ꪊꪾꪷꪚ,bướm đậu.,51,OK
bở đăm,ꪹꪚꪰ ꪒꪾꪷ,ꪹꪚꪰ ꪒꪾꪷ,bướm đen.,51,OK
bở đón,ꪹꪚꪰ ꪒꪮꪙ,ꪹꪚꪰ ꪒꪮꪙ,bướm trẳng.,52,OK
bở đung,ꪹꪚꪰ ꪒꪉꪴ,ꪹꪚꪰ ꪒꪉꪴ,bướm rừng,52,OK
bở fl,ꪹꪚꪰ ꪞꪲ,ꪹꪚꪰ ꪞꪲ,bướm ma.,52,OK
bở hái,ꪹꪚꪰ ꪭꪱꪥ,ꪹꪚꪰ ꪭꪱꪥ,bướm lượn,52,OK
bở lại,ꪹꪚꪰ ꪩꪱꪥ,ꪹꪚꪰ ꪩꪱꪥ,bướm hoa.,52,OK
bở lôông,ꪹꪚꪰ ꪶꪨꪉ,ꪹꪚꪰ ꪶꪨꪉ,bướm to.,52,OK
bở long,ꪹꪚꪰ ꪹꪨꪰꪉ,ꪹꪚꪰ ꪹꪨꪰꪉ,bướm vàng,52,OK
bở nọi,ꪹꪚꪰ ꪙꪮꪥ,ꪹꪚꪰ ꪙꪮꪥ,bướm nho.,52,OK
bớ,ꪹꪚꪰ,ꪹꪚꪰ,"không, độc.",52,OK
bớau,,,không lấy.,52,DAP_AN_CUT_CAN_SOAT
bớ cạn,ꪹꪚꪰ ꪁꪱꪙ,ꪹꪚꪰ ꪁꪱꪙ,không dám.,52,OK
bớ cạo,ꪹꪚꪰ ꪁꪱꪫ,ꪹꪚꪰ ꪁꪱꪫ,không nghịch,52,OK
bớ chếp,ꪹꪚꪰ ꪹꪊꪸꪚ,ꪹꪚꪰ ꪹꪊꪸꪚ,không đau.,52,OK
bớ chừ,ꪹꪚꪰ ꪋꪳ,ꪹꪚꪰ ꪋꪳ,không phải,52,OK
bở chứ,ꪹꪚꪰ ꪊꪳ,ꪹꪚꪰ ꪊꪳ,không nhớ.,52,OK
bớ coọng,ꪹꪚꪰ ꪁꪮꪉ,ꪹꪚꪰ ꪁꪮꪉ,không mong,52,OK
bớ củ,ꪹꪚꪰ ꪀꪴ,ꪹꪚꪰ ꪀꪴ,không vay.,52,OK
bớ cừn,ꪹꪚꪰ ꪁꪙꪳ,ꪹꪚꪰ ꪁꪙꪳ,không cân.,52,OK
bớ dạk,ꪹꪚꪰ ꪥꪱꪀ,ꪹꪚꪰ ꪥꪱꪀ,không khó.,52,OK
bớ dản,ꪹꪚꪰ ꪤꪱꪙ,ꪹꪚꪰ ꪤꪱꪙ,không sợ.,53,OK
bó' dằng,ꪹꪚꪰ ꪥꪉ,ꪹꪚꪰ ꪥꪉ,không nghi,53,OK
bớ dók,ꪹꪚꪰ ꪤꪮꪀ,ꪹꪚꪰ ꪤꪮꪀ,không trêu,53,OK
bớ đảy,ꪹꪚꪰ ꪼꪒ,ꪹꪚꪰ ꪼꪒ,không được,53,OK
bớ đét,ꪹꪚꪰ ꪵꪒꪒ,ꪹꪚꪰ ꪵꪒꪒ,không nắng,53,OK
bớ đi,ꪹꪚꪰ ꪒꪲ,ꪹꪚꪰ ꪒꪲ,không tốt.,53,OK
bớ đu,ꪹꪚꪰ ꪒꪴ,ꪹꪚꪰ ꪒꪴ,không trông,53,OK
bớ hài,ꪹꪚꪰ ꪭꪱꪥ,ꪹꪚꪰ ꪭꪱꪥ,không xấu.,53,OK
bớ hảm,ꪹꪚꪰ ꪬꪱꪣ,ꪹꪚꪰ ꪬꪱꪣ,không giữ.,53,OK
bớ hặc,ꪹꪚꪰ ꪭꪀ,ꪹꪚꪰ ꪭꪀ,không yêu.,53,OK
bớ hắng,ꪹꪚꪰ ꪭꪉ,ꪹꪚꪰ ꪭꪉ,không giàu,53,OK
bớ hẳư,ꪹꪚꪰ ꪻꪬ,ꪹꪚꪰ ꪻꪬ,không cho.,53,OK
bớ hệt,ꪹꪚꪰ ꪹꪭꪸꪒ,ꪹꪚꪰ ꪹꪭꪸꪒ,không làm.,53,OK
bớ hin,ꪹꪚꪰ ꪬꪲꪙ,ꪹꪚꪰ ꪬꪲꪙ,không thấy,53,OK
bớ hòn,ꪹꪚꪰ ꪭꪮꪙ,ꪹꪚꪰ ꪭꪮꪙ,không nóng,53,OK
bớ họt,ꪹꪚꪰ ꪭꪮꪒ,ꪹꪚꪰ ꪭꪮꪒ,không tới.,53,OK
bớ hụ,ꪹꪚꪰ ꪭꪴ,ꪹꪚꪰ ꪭꪴ,không biết,53,OK
bớ húng,ꪹꪚꪰ ꪭꪉꪴ,ꪹꪚꪰ ꪭꪉꪴ,không sáng,53,OK
bớ khá,ꪹꪚꪰ ꪄꪱ,ꪹꪚꪰ ꪄꪱ,không gả.,53,OK
bớ khai,ꪹꪚꪰ ꪄꪱꪥ,ꪹꪚꪰ ꪄꪱꪥ,không bán.,53,OK
bớ khan,ꪹꪚꪰ ꪄꪱꪙ,ꪹꪚꪰ ꪄꪱꪙ,không thưa.,53,OK
bớ khan,ꪹꪚꪰ ꪃꪽ,ꪹꪚꪰ ꪄꪱꪙ,không đẹp.,54,OK
bớ khék,ꪹꪚꪰ ꪵꪄꪀ,ꪹꪚꪰ ꪵꪄꪀ,không gợi.,54,OK
bớ khí,ꪹꪚꪰ ꪄꪲ,ꪹꪚꪰ ꪄꪲ,không lo.,54,OK
bớ khò,ꪹꪚꪰ ꪅꪰ,ꪹꪚꪰ ꪅꪰ,không vừa.,54,OK
bớ khỏ,ꪹꪚꪰ ꪂꪰ,ꪹꪚꪰ ꪂꪰ,không nghèo,54,OK
bớ kin,ꪹꪚꪰ ꪀꪲꪙ,ꪹꪚꪰ ꪀꪲꪙ,không ăn.,54,OK
bớ lơ,ꪹꪚꪰ ꪹꪨꪰ,ꪹꪚꪰ ꪹꪨꪰ,không thừa,54,OK
bớ lơ chăư,ꪹꪚꪰ ꪹꪨꪰ ꪻꪊ,ꪹꪚꪰ ꪹꪨꪰ ꪻꪊ,không lo.,54,OK
bớ lọp,ꪹꪚꪰ ꪹꪩꪰꪚ,ꪹꪚꪰ ꪹꪩꪰꪚ,không kịp.,54,OK
bớ lùm,ꪹꪚꪰ ꪩꪣꪴ,ꪹꪚꪰ ꪩꪣꪴ,không ngã.,54,OK
bớ lụm,ꪹꪚꪰ ꪩꪣꪴ,ꪹꪚꪰ ꪩꪣꪴ,không gió.,54,OK
bớ lựm,ꪹꪚꪰ ꪩꪣ,ꪹꪚꪰ ꪩꪣ,không quên,54,OK
bớ lứn,ꪹꪚꪰ ꪨꪙꪳ,ꪹꪚꪰ ꪨꪙꪳ,bất kể.,54,OK
bớ mạ,ꪹꪚꪰ ꪣꪱ,ꪹꪚꪰ ꪣꪱ,không về.,54,OK
bớ mới,ꪹꪚꪰ ꪹꪣꪰꪥ,ꪹꪚꪰ ꪹꪣꪰꪥ,không mỏi.,54,OK
bớ mùm,ꪹꪚꪰ ꪣꪴꪣ,ꪹꪚꪰ ꪣꪴꪣ,không xong,54,OK
bớ nao,ꪹꪚꪰ ꪘꪱꪫ,ꪹꪚꪰ ꪘꪱꪫ,không rét.,54,OK
bớ nắc,ꪹꪚꪰ ꪘꪀ,ꪹꪚꪰ ꪘꪀ,không nặng,54,OK
bớ ngái,ꪹꪚꪰ ꪉꪱꪥ,ꪹꪚꪰ ꪉꪱꪥ,không dễ.,54,OK
bớ ngộn,ꪹꪚꪰ ꪶꪉꪙ,ꪹꪚꪰ ꪶꪉꪙ,độc lá ngón.,54,OK
bớ ngụ,ꪹꪰꪚ ꪉꪴ,ꪹꪰꪚ ꪉꪴ,độc rãn.,55,OK
bớ ním,ꪹꪰꪚ ꪙꪲꪣ,ꪹꪰꪚ ꪙꪲꪣ,không xem.,55,OK
bớ nọn,ꪹꪚꪰ ꪙꪮꪙ,ꪹꪚꪰ ꪙꪮꪙ,không ngú.,55,OK
bớ nói,ꪹꪚꪰ ꪹꪢꪰꪥ,ꪹꪚꪰ ꪹꪢꪰꪥ,không mệt.,55,OK
bớ pay,,ꪹꪚꪰ ꪼꪜ,không đi.,55,DAP_AN_CUT_CAN_SOAT
bớ pák,ꪹꪚꪰ ꪜꪱꪀ,ꪹꪚꪰ ꪜꪱꪀ,không nói.,55,OK
bớ păn,ꪹꪰꪚ ꪜꪽ,ꪹꪰꪚ ꪜꪽ,không chia,55,OK
bớ păng,ꪹꪚꪰ ꪜꪉ,ꪹꪚꪰ ꪜꪉ,không trả.,55,OK
bớ pék,ꪹꪚꪰ ꪵꪜꪀ,ꪹꪚꪰ ꪵꪜꪀ,không giống,55,OK
bớ pẹng,ꪹꪰꪚ ꪵꪝꪉ,ꪹꪰꪚ ꪵꪝꪉ,không quỷ.,55,OK
bớ pêệng,ꪹꪚꪰ ꪹꪝꪸꪉ,ꪹꪚꪰ ꪹꪝꪸꪉ,không băng,55,OK
bớ phặng,ꪹꪚꪰ ꪏꪉ,ꪹꪚꪰ ꪏꪉ,không nghe,55,OK
bớ phun,ꪹꪚꪰ ꪥꪙꪳ,ꪹꪚꪰ ꪥꪙꪳ,không mưa.,55,OK
bớ pọ,ꪹꪚꪰ ꪝꪰ,ꪹꪚꪰ ꪝꪰ,không đù.,55,OK
bớ pỏm,ꪹꪚꪰ ꪜꪮꪣ,ꪹꪚꪰ ꪜꪮꪣ,không tròn,55,OK
bớ sừ,ꪹꪚꪰ ꪏꪳ,ꪹꪚꪰ ꪏꪳ,không thẳng,55,OK
bớ sự,ꪹꪚꪰ ꪏꪳ,ꪹꪚꪰ ꪏꪳ,không mua.,55,OK
bớ tai,ꪹꪚꪰ ꪔꪱꪥ,ꪹꪚꪰ ꪔꪱꪥ,độc chết,55,OK
bớ táu,ꪹꪚꪰ ꪹꪔꪱ,ꪹꪚꪰ ꪹꪔꪱ,không đùa.,55,OK
bớ tẹn,ꪹꪚꪰ ꪵꪙꪙ,ꪹꪚꪰ ꪵꪙꪙ,không thêm,55,OK
bớ thả,ꪹꪚꪰ ꪖꪱ,ꪹꪚꪰ ꪖꪱ,không đợi.,55,OK
bớ tsó,ꪹꪚꪰ ꪌꪰ,ꪹꪚꪰ ꪌꪰ,không sai.,56,OK
bó' tò,ꪹꪚꪰ ꪙꪰ,ꪹꪚꪰ ꪙꪰ,không bằng,56,OK
bớ vạu,ꪹꪚꪰ ꪹꪫꪱ,ꪹꪚꪰ ꪹꪫꪱ,không nói.,56,OK
bớ xắn,ꪹꪚꪰ ꪎꪽ,ꪹꪚꪰ ꪎꪽ,không vội.,56,OK
bớ xê,ꪹꪚꪰ ꪹꪎꪸ,ꪹꪚꪰ ꪹꪎꪸ,khônu mất.,56,OK
bớ xếk,ꪹꪚꪰ ꪹꪎꪸꪀ,ꪹꪚꪰ ꪹꪎꪸꪀ,không tiếc,56,OK
bớ xín,ꪹꪚꪰ ꪎꪲꪙ,ꪹꪚꪰ ꪎꪲꪙ,không tin.,56,OK
bớm,ꪹꪚꪰꪣ,ꪹꪚꪰꪣ,bềnh.,56,OK
bóm nặm,ꪹꪚꪰꪣ ꪙꪾ,ꪹꪚꪰꪣ ꪙꪾ,bênh nước.,56,OK
bớm vạp,ꪹꪚꪰꪣ ꪫꪱꪚ,ꪹꪚꪰꪣ ꪫꪱꪚ,bềnh lầy.,56,OK
bơn,ꪹꪚꪰꪙ,ꪹꪚꪰꪙ,"trăng, tháng",56,OK
bơn bín,ꪹꪚꪰꪙ ꪚꪲꪙ,ꪹꪚꪰꪙ ꪚꪲꪙ,trăng khuyết.,56,OK
bơn cảu,ꪹꪚꪰꪙ ꪹꪀꪱ,ꪹꪚꪰꪙ ꪹꪀꪱ,tháng Chín.,56,OK
bơn cặm,ꪹꪚꪰꪙ ꪁꪾ,ꪹꪚꪰꪙ ꪁꪾ,tháng kiêng,56,OK
bơn cặư,ꪹꪚꪰꪙ ꪻꪁ,ꪹꪚꪰꪙ ꪻꪁ,tháng Hợi.,56,OK
bơn cớn,ꪹꪚꪰꪙ ꪹꪀꪰꪙ,ꪹꪚꪰꪙ ꪹꪀꪰꪙ,tháng trước,56,OK
bơn chêêng,ꪹꪚꪰꪙ ꪹꪊꪸꪉ,ꪹꪚꪰꪙ ꪹꪊꪸꪉ,tháng Giêng.,56,OK
bơn chết,ꪹꪚꪰꪙ ꪹꪊꪸꪒ,ꪹꪚꪰꪙ ꪹꪊꪸꪒ,tháng Bảy.,57,OK
bơn đăp,ꪹꪚꪰꪙ ꪒꪚꪾ,ꪹꪚꪰꪙ ꪒꪚꪾ,trăng lặn hêt tháng,57,OK
bơn đắp đôi,ꪹꪚꪰꪙ ꪒꪚꪾ ꪶꪒꪥ,ꪹꪚꪰꪙ ꪒꪚꪾ ꪶꪒꪥ,tháng đủ.,57,OK
bơn đăp kị,ꪹꪚꪰꪙ ꪒꪚꪾ ꪁꪲ,ꪹꪚꪰꪙ ꪒꪚꪾ ꪁꪲ,tháng thiêu,57,OK
bơn đi,ꪹꪚꪰꪙ ꪒꪲ,ꪹꪚꪰꪙ ꪒꪲ,tháng tốt.,57,OK
bơn đôi,ꪹꪚꪰꪙ ꪶꪒꪥ,ꪹꪚꪰꪙ ꪶꪒꪥ,tháng chẵn,57,OK
bơn et,ꪹꪚꪰꪙ ꪹꪮꪸꪒ,ꪹꪚꪰꪙ ꪹꪮꪸꪒ,tháng Mười một.,57,OK
bơn hả,ꪹꪚꪰꪙ ꪬꪱ,ꪹꪚꪰꪙ ꪬꪱ,tháng Năm.,57,OK
bơn hai,ꪹꪚꪰꪙ ꪬꪱꪥ,ꪹꪚꪰꪙ ꪬꪱꪥ,trăng tỏ.,57,OK
bơn hàu,ꪹꪚꪰꪙ ꪹꪭꪱ,ꪹꪚꪰꪙ ꪹꪭꪱ,tháng Dậu.,57,OK
bon hôốc,ꪹꪚꪰꪙ ꪶꪬꪀ,ꪹꪚꪰꪙ ꪶꪬꪀ,tháng Sáu.,57,OK
bơn húng,ꪹꪚꪰꪙ ꪭꪉꪴ,ꪹꪚꪰꪙ ꪭꪉꪴ,trăng sáng,57,OK
bơn khửn,ꪹꪚꪰꪙ ꪄꪙꪳ,ꪹꪚꪰꪙ ꪄꪙꪳ,trăng lên.,57,OK
bơn kị,ꪹꪚꪰꪙ ꪀꪲ,ꪹꪚꪰꪙ ꪀꪲ,tháng lẻ.,57,OK
bơn lạp,ꪹꪚꪰꪙ ꪩꪱꪚ,ꪹꪚꪰꪙ ꪩꪱꪚ,tháng Chạp,57,OK
bơn lăng,ꪹꪚꪰꪙ ꪨꪉ,ꪹꪚꪰꪙ ꪨꪉ,tháng sau.,57,OK
bơn lứn dè,ꪹꪚꪰꪙ ꪩꪙꪾꪷ ꪹꪹꪥ,ꪹꪚꪰꪙ ꪩꪙꪾꪷ ꪹꪹꪥ,tháng nhuận,57,OK
bơn mảu,ꪹꪚꪰꪙ ꪹꪢꪱ,ꪹꪚꪰꪙ ꪹꪢꪱ,tháng Mão.,57,OK
bơn mệt,ꪹꪚꪰꪙ ꪹꪣꪸꪒ,ꪹꪚꪰꪙ ꪹꪣꪸꪒ,tháng Tuất,57,OK
bơn mộ,ꪹꪚꪰꪙ ꪶꪣ,ꪹꪚꪰꪙ ꪶꪣ,trăng mờ.,57,OK
bơn một,ꪹꪚꪰꪙ ꪶꪙꪒ,ꪹꪚꪰꪙ ꪶꪙꪒ,tháng Mùi.,57,OK
bo'n nhị,ꪹꪚꪰꪙ ꪑꪲ,ꪹꪚꪰꪙ ꪑꪲ,tháng Dân.,58,OK
bơn nì,ꪹꪚꪰꪙ ꪙꪲ,ꪹꪚꪰꪙ ꪙꪲ,tháng này.,58,OK
bơn ók,ꪹꪚꪰꪙ ꪮꪮꪀ,ꪹꪚꪰꪙ ꪮꪮꪀ,tháng sinh,58,OK
bơn pảu,ꪹꪚꪰꪙ ꪹꪜꪱ,ꪹꪚꪰꪙ ꪹꪜꪱ,tháng Sửu.,58,OK
bơn pét,ꪹꪚꪰꪙ ꪵꪜꪒ,ꪹꪚꪰꪙ ꪵꪜꪒ,tháng Tám.,58,OK
bon pỏm,ꪹꪚꪰꪙ ꪜꪮꪣ,ꪹꪚꪰꪙ ꪜꪮꪣ,trăng tròn,58,OK
bon s-ngạ,,,tháng Ngọ.,58,DAP_AN_CUT_CAN_SOAT
bơn thoóng,ꪹꪚꪰꪙ ꪖꪮꪉ,ꪹꪚꪰꪙ ꪖꪮꪉ,tháng rười,58,OK
bơn toỏng,ꪌꪉ ꪔꪮꪉ,ꪌꪉ ꪔꪮꪉ,trăng chiếu,58,OK
bơn tsung,ꪹꪚꪰꪙ ꪌꪉꪴ,ꪹꪚꪰꪙ ꪌꪉꪴ,tháng xung,58,OK
bơn xam,ꪹꪚꪰꪙ ꪎꪱꪣ,ꪹꪚꪰꪙ ꪎꪱꪣ,tháng Ba.,58,OK
bơn xăn,ꪹꪚꪰꪙ ꪎꪽ,ꪹꪚꪰꪙ ꪎꪽ,tháng Thân,58,OK
bơn xẳư,ꪹꪚꪰꪙ ꪻꪎ,ꪹꪚꪰꪙ ꪻꪎ,tháng Tỵ.,58,OK
bon xêểng,ꪹꪚꪰꪙ ꪹꪎꪸꪉ,ꪹꪚꪰꪙ ꪹꪎꪸꪉ,trăng tỏ.,58,OK
bơn xi,ꪹꪚꪰꪙ ꪎꪲ,ꪹꪚꪰꪙ ꪎꪲ,tháng Thìn,58,OK
bơn xí,ꪹꪚꪰꪙ ꪎꪲ,ꪹꪚꪰꪙ ꪎꪲ,tháng Tư.,58,OK
bơn xíp,ꪹꪚꪰꪙ ꪎꪲꪚ,ꪹꪚꪰꪙ ꪎꪲꪚ,tháng Mười,58,OK
bơn xoong,ꪹꪚꪰꪙ ꪎꪮꪉ,ꪹꪚꪰꪙ ꪎꪮꪉ,tháng Hai.,58,OK
bơn xoóng,ꪹꪚꪰꪙ ꪎꪮꪉ,ꪹꪚꪰꪙ ꪎꪮꪉ,trăng soi.,58,OK
bỏng,ꪹꪚꪰꪉ,ꪹꪚꪰꪉ,mảnh.,58,OK
bởng lôông,ꪹꪚꪰꪉ ꪶꪨꪉ,ꪹꪚꪰꪉ ꪶꪨꪉ,mảnh to.,59,OK
bởng mạy,,ꪹꪚꪰꪉ ꪼꪣ,mảnh gồ.,59,DAP_AN_CUT_CAN_SOAT
bỏng na,ꪹꪚꪰꪉ ꪘꪱ,ꪹꪚꪰꪉ ꪘꪱ,mảnh dầy.,59,OK
bỏng nọi,ꪹꪚꪰꪉ ꪙꪮꪥ,ꪹꪚꪰꪉ ꪙꪮꪥ,mảnh nhỏ.,59,OK
bởng pẻn,ꪹꪚꪰꪉ ꪵꪜꪙ,ꪹꪚꪰꪉ ꪵꪜꪙ,mảnh ván.,59,OK
búm,ꪚꪣꪴ,ꪚꪣꪴ,ram.,59,OK
búm chăn,ꪚꪣꪴ ꪊꪽ,ꪚꪣꪴ ꪊꪽ,rấm na.,59,OK
búm cổỉ,ꪚꪣꪴ ꪶꪀꪥ,ꪚꪣꪴ ꪶꪀꪥ,rấm chuối.,59,OK
búm mák,ꪚꪣꪴ ꪢꪱꪀ,ꪚꪣꪴ ꪢꪱꪀ,ram quả.,59,OK
búm môống,ꪚꪣꪴ ꪶꪣꪉ,ꪚꪣꪴ ꪶꪣꪉ,rấm muỗm.,59,OK
búm xúc,ꪚꪣꪴ ꪎꪀꪴ,ꪚꪣꪴ ꪎꪀꪴ,ram chín.,59,OK
bun,ꪚꪙꪴ,ꪚꪙꪴ,"sổ, trời",59,OK
bun đi,ꪚꪙꪴ ꪒꪲ,ꪚꪙꪴ ꪒꪲ,số may.,59,OK
bun hài,ꪚꪙꪴ ꪭꪱꪥ,ꪚꪙꪴ ꪭꪱꪥ,số xấu.,59,OK
bun khỏ,ꪚꪙꪴ ꪂꪰ,ꪚꪙꪴ ꪂꪰ,sổ nghèo,59,OK
bun min,ꪚꪙꪴ ꪢꪲꪙ,ꪚꪙꪴ ꪢꪲꪙ,số mệnh,59,OK
bun tụn,ꪚꪙꪴ ꪕꪙꪴ,ꪚꪙꪴ ꪕꪙꪴ,vẳn sổ.,59,OK
bun xung,ꪚꪙꪴ ꪎꪉꪴ,ꪚꪙꪴ ꪎꪉꪴ,trời cao.,59,OK
bủng,ꪚꪉꪴ,ꪚꪉꪴ,sâu.,60,OK
bủng cán,ꪚꪉꪴ ꪀꪱꪙ,ꪚꪉꪴ ꪀꪱꪙ,sâu khoang,60,OK
bủng fi,ꪚꪉꪴ ꪌꪲ,ꪚꪉꪴ ꪌꪲ,sâu ma.,60,OK
bung khạ,ꪚꪉꪴ ꪅꪱ,ꪚꪉꪴ ꪅꪱ,sâu cuốn chiếu,60,OK
bủng khăn,ꪚꪉꪴ ꪅꪽ,ꪚꪉꪴ ꪅꪽ,sâu ngứa,60,OK
bủng kheo,ꪚꪉꪴ ꪵꪄꪫ,ꪚꪉꪴ ꪵꪄꪫ,sâu xanh,60,OK
bủng khun,ꪚꪉꪴ ꪄꪙꪴ,ꪚꪉꪴ ꪄꪙꪴ,sâu róm.,60,OK
bủng lại,ꪚꪉꪴ ꪩꪱꪥ,ꪚꪉꪴ ꪩꪱꪥ,sâu vằn.,60,OK
bủng lôông,ꪚꪉꪴ ꪶꪨꪉ,ꪚꪉꪴ ꪶꪨꪉ,sâu to.,60,OK
bủng long,ꪚꪉꪴ ꪹꪨꪰꪉ,ꪚꪉꪴ ꪹꪨꪰꪉ,sâu vàng,60,OK
bủng mẹng,ꪚꪉꪴ ꪵꪣꪉ,ꪚꪉꪴ ꪵꪣꪉ,sâu bọ.,60,OK
bủng nọi,ꪚꪉꪴ ꪙꪮꪥ,ꪚꪉꪴ ꪙꪮꪥ,sâu nhỏ.,60,OK
bủng pém,ꪚꪉꪴ ꪵꪜꪣ,ꪚꪉꪴ ꪵꪜꪣ,sâu róm to.,60,OK
bủng táy,ꪚꪉꪴ ꪼꪔ,ꪚꪉꪴ ꪼꪔ,sâu bò.,60,OK
búng,ꪚꪉꪴ,ꪚꪉꪴ,"khêu, vũng.",60,OK
búng khoại,ꪚꪉꪴ ꪅꪫꪱꪥ,ꪚꪉꪴ ꪅꪫꪱꪥ,vũng trâu.,60,OK
búng lôông,ꪚꪉꪴ ꪶꪨꪉ,ꪚꪉꪴ ꪶꪨꪉ,vũng to.,60,OK
búng lực,ꪚꪉꪴ ꪹꪩꪰꪀ,ꪚꪉꪴ ꪹꪩꪰꪀ,vũng sâu.,61,OK
búng nam,ꪚꪉꪴ ꪢꪱꪣ,ꪚꪉꪴ ꪢꪱꪣ,khêu gai.,61,OK
búng nám,ꪚꪉꪴ ꪙꪱꪣꪚ,ꪚꪉꪴ ꪙꪱꪣꪚ,vũng bùn,61,OK
búng nặm,ꪚꪉꪴ ꪙꪾ,ꪚꪉꪴ ꪙꪾ,vũng nước,61,OK
búng noong,ꪚꪉꪴ ꪢꪮꪉ,ꪚꪉꪴ ꪢꪮꪉ,khêu mủ.,61,OK
búng nọi,ꪚꪉꪴ ꪙꪮꪥ,ꪚꪉꪴ ꪙꪮꪥ,vũng nhó.,61,OK
búng ối,ꪚꪉꪴ ꪶꪮꪥ,ꪚꪉꪴ ꪶꪮꪥ,vũng bẩn.,61,OK
búng phi,ꪚꪉꪴ ꪠꪲ,ꪚꪉꪴ ꪠꪲ,khêu nhọt,61,OK
búng phôộc,ꪚꪉꪴ ꪶꪀꪶꪀ,ꪚꪉꪴ ꪶꪀꪶꪀ,khêu nhọt,61,OK
búng tạu,ꪚꪉꪴ ꪹꪕꪱ,ꪚꪉꪴ ꪹꪕꪱ,vũng rêu.,61,OK
búng xem,ꪚꪉꪴ ꪹꪎꪸꪣ,ꪚꪉꪴ ꪹꪎꪸꪣ,khêu dăm.,61,OK
bửi,ꪚꪥꪳ,ꪚꪥꪳ,múi.,61,OK
bửi kêêng,ꪚꪥꪳ ꪹꪀꪸꪉ,ꪚꪥꪳ ꪹꪀꪸꪉ,múi cam.,61,OK
bửi nghék,ꪚꪥꪳ ꪵꪈꪀ,ꪚꪥꪳ ꪵꪈꪀ,múi quýt,61,OK
bửi pục,ꪚꪥꪳ ꪝꪀꪴ,ꪚꪥꪳ ꪝꪀꪴ,múi bưởi.,61,OK
birn,ꪚꪙꪳ,ꪚꪙꪳ,"sổ, trời",61,OK
bim đi,ꪚꪙꪳ ꪒꪲ,ꪚꪙꪳ ꪒꪲ,số may.,61,OK
bim hài,ꪚꪙꪳ ꪭꪱꪥ,ꪚꪙꪳ ꪭꪱꪥ,số xấu.,61,OK
bưn khỏ,ꪚꪙꪳ ꪂꪰ,ꪚꪙꪳ ꪂꪰ,sổ nghèo,62,OK
bưn min,ꪚꪙꪳ ꪢꪲꪙ,ꪚꪙꪳ ꪢꪲꪙ,sổ mệnh,62,OK
bưn tụn,ꪚꪙꪳ ꪕꪙꪴ,ꪚꪙꪳ ꪕꪙꪴ,vắn số.,62,OK
bưn xung,ꪚꪙꪳ ꪎꪉꪴ,ꪚꪙꪳ ꪎꪉꪴ,trời cao.,62,OK
bứn,ꪚꪙꪳ,ꪚꪙꪳ,nhắc.,62,OK
bứn họt,ꪚꪙꪳ ꪭꪮꪒ,ꪚꪙꪳ ꪭꪮꪒ,nhắc đến.,62,OK
bút,ꪚꪒꪳ,ꪚꪒꪳ,thiu.,62,OK
bứt ơn,ꪚꪒꪳ ꪹꪮꪰꪙ,ꪚꪒꪳ ꪹꪮꪰꪙ,thiu ôi.,62,OK
bứt min,ꪚꪒ ꪢꪲꪙ,ꪚꪒ ꪢꪲꪙ,thiu thối.,62,OK
bụt,ꪛꪒꪳ,ꪛꪒꪳ,nuốt.,62,OK
bụt chảo,ꪛꪒꪳ ꪊꪱꪫ,ꪛꪒꪳ ꪊꪱꪫ,nuốt cháo,62,OK
bựt kèn,ꪛꪒꪳ ꪵꪁꪙ,ꪛꪒꪳ ꪵꪁꪙ,nuốt nghẹn,62,OK
bụt kin,ꪛꪒꪳ ꪀꪲꪙ,ꪛꪒꪳ ꪀꪲꪙ,nuốt ăn.,62,OK
but khảu,ꪛꪒꪳ ꪹꪢꪱ,ꪛꪒꪳ ꪹꪢꪱ,nuốt vào.,62,OK
bụt lụng,ꪛꪒꪳ ꪩꪉꪴ,ꪛꪒꪳ ꪩꪉꪴ,nuốt xuống.,62,OK
ca,ꪀꪱ,ꪀꪱ,quạ.,63,OK
ca báng,ꪀꪱ ꪚꪱꪉ,ꪀꪱ ꪚꪱꪉ,quạ khoang,63,OK
ca bin,ꪀꪱ ꪚꪲꪙ,ꪀꪱ ꪚꪲꪙ,quạ bay.,63,OK
ca chả,ꪀꪱ ꪊꪱ,ꪀꪱ ꪊꪱ,tuyết,63,OK
ca cọn,ꪀꪱ ꪁꪮꪙ,ꪀꪱ ꪁꪮꪙ,quạ đậu.,63,OK
ca đăm,ꪀꪱ ꪒꪾ,ꪀꪱ ꪒꪾ,quạ đen.,63,OK
ca hoòng,ꪀꪱ ꪭꪮꪉ,ꪀꪱ ꪭꪮꪉ,quạ kêu.,63,OK
ca tót,ꪀꪱ ꪔꪮꪒ,ꪀꪱ ꪔꪮꪒ,quạ mổ.,63,OK
ca tsa,ꪀꪱ ꪌꪱ,ꪀꪱ ꪌꪱ,vợt.,63,OK
ca tsá,ꪀꪱ ꪍꪱ,ꪀꪱ ꪍꪱ,mâm tre.,63,OK
cà,ꪁꪱ,ꪁꪱ,"giá, chơi, cách",63,OK
cà bản,ꪁꪱ ꪚꪱꪙ,ꪁꪱ ꪚꪱꪙ,chơi bản.,63,OK
cà chẹn,ꪁꪱ ꪹꪋꪙ,ꪁꪱ ꪹꪋꪙ,giá tiền,63,OK
cà dam,ꪁꪱ ꪥꪱꪣ,ꪁꪱ ꪥꪱꪣ,chơi thăm.,63,OK
cà dé,ꪁꪱ ꪵꪥ,ꪁꪱ ꪵꪥ,chơi rong,64,OK
cà đêu,ꪁꪱ ꪹꪒꪸꪫ,ꪁꪱ ꪹꪒꪸꪫ,một giá.,64,OK
cà đĩn,ꪁꪱ ꪒꪲꪙ,ꪁꪱ ꪒꪲꪙ,chơi bời.,64,OK
cà hệt,ꪁꪱ ꪹꪭꪸꪒ,ꪁꪱ ꪹꪭꪸꪒ,cách làm.,64,OK
cà khai,ꪁꪱ ꪏꪱꪥ,ꪁꪱ ꪏꪱꪥ,giá bán.,64,OK
cà khảu,ꪁꪱ ꪹꪂꪱ,ꪁꪱ ꪹꪂꪱ,giá gạo.,64,OK
cà khửn,ꪁꪱ ꪄꪙꪳ,ꪁꪱ ꪄꪙꪳ,giá lên.,64,OK
cà lụng,ꪁꪱ ꪩꪉꪴ,ꪁꪱ ꪩꪉꪴ,giá xuống,64,OK
cà mương,ꪁꪱ ꪹꪣꪉ,ꪁꪱ ꪹꪣꪉ,chơi mường,64,OK
cà ngắm,ꪁꪱ ꪈꪾ,ꪁꪱ ꪈꪾ,cách nghĩ.,64,OK
cà nhăm,ꪁꪱ ꪐꪾ,ꪁꪱ ꪐꪾ,giá thịt,64,OK
cà pẹng,ꪁꪱ ꪵꪝꪉ,ꪁꪱ ꪵꪝꪉ,giá đắt.,64,OK
cà sự,ꪁꪱ ꪏꪳ,ꪁꪱ ꪏꪳ,giá mua.,64,OK
cà thúk,ꪁꪱ ꪖꪀꪴ,ꪁꪱ ꪖꪀꪴ,giá rẻ.,64,OK
cả,ꪀꪱ,ꪀꪱ,mạ.,64,OK
cả cát,ꪀꪱ ꪀꪱꪒ,ꪀꪱ ꪀꪱꪒ,la liệt,64,OK
cả han,ꪀꪱ ꪬꪱꪙ,ꪀꪱ ꪬꪱꪙ,dũng cảm.,64,OK
cả ké,ꪀꪱ ꪵꪀ,ꪀꪱ ꪵꪀ,mạ già.,64,OK
cả ón,ꪀꪱ ꪮꪮꪙ,ꪀꪱ ꪮꪮꪙ,mạ non.,64,OK
cá,ꪀꪱ,ꪀꪱ,"Quý, xổng.",65,OK
cá hàu,ꪀꪱ ꪹꪭꪱ,ꪀꪱ ꪹꪭꪱ,Ọuý Dậu.,65,OK
cá mảu,ꪀꪱ ꪹꪢꪱ,ꪀꪱ ꪹꪢꪱ,Quý Mão.,65,OK
cá một,ꪀꪱ ꪶꪣꪒ,ꪀꪱ ꪶꪣꪒ,Ọuý Mùi.,65,OK
cá ók,ꪀꪱ ꪮꪮꪀ,ꪀꪱ ꪮꪮꪀ,xổng ra.,65,OK
cá pay,,ꪀꪱ ꪼꪜ,xổng đi.,65,DAP_AN_CUT_CAN_SOAT
cá xăn,ꪀꪱ ꪎꪽ,ꪀꪱ ꪎꪽ,Quý Thân.,65,OK
cá xẳư,ꪀꪱ ꪻꪎ,ꪀꪱ ꪻꪎ,Quý Tỵ.,65,OK
cạ,ꪁꪱ,ꪁꪱ,"cào, buôn",65,OK
cạ chóng,ꪁꪱ ꪹꪊꪲꪉ,ꪁꪱ ꪹꪊꪲꪉ,buôn hàng,65,OK
cạ đin,ꪁꪱ ꪒꪲꪙ,ꪁꪱ ꪒꪲꪙ,cào đất.,65,OK
cạ khai,ꪁꪱ ꪄꪱꪥ,ꪁꪱ ꪄꪱꪥ,buôn bán.,65,OK
cạ nhả,ꪁꪱ ꪐꪱ,ꪁꪱ ꪐꪱ,cào cỏ.,65,OK
cạ pêệng,ꪁꪱ ꪹꪝꪸꪉ,ꪁꪱ ꪹꪝꪸꪉ,cào bằng.,65,OK
các,ꪀꪱꪀ,ꪀꪱꪀ,gác.,66,OK
các độn,ꪀꪱꪀ ꪶꪓꪙ,ꪀꪱꪀ ꪶꪓꪙ,gác đồn.,66,OK
các tu,ꪀꪱꪀ ꪔꪴ,ꪀꪱꪀ ꪔꪴ,gác cồng.,66,OK
cai,ꪀꪱꪥ,ꪀꪱꪥ,"chợ, qua, quá.",66,OK
cai bơn,ꪀꪱꪥ ꪹꪚꪰꪙ,ꪀꪱꪥ ꪹꪚꪰꪙ,qua tháng,66,OK
cai chợk,ꪀꪱꪥ ꪹꪋꪰ,ꪀꪱꪥ ꪹꪋꪰ,quá giờ.,66,OK
cai cơ,ꪀꪱꪥ ꪹꪀꪰ,ꪀꪱꪥ ꪹꪀꪰ,quá đáng,66,OK
cai đung,ꪀꪱꪥ ꪒꪉꪴ,ꪀꪱꪥ ꪒꪉꪴ,qua rừng,66,OK
cai hô,ꪀꪱꪥ ꪶꪬ,ꪀꪱꪥ ꪶꪬ,qua đầu.,66,OK
cai láu,ꪀꪱꪥ ꪹꪨꪱ,ꪀꪱꪥ ꪹꪨꪱ,qua đồi.,66,OK
cai mộ,ꪀꪱꪥ ꪶꪣ,ꪀꪱꪥ ꪶꪣ,qua mùa.,66,OK
cai mừ,ꪀꪱꪥ ꪣꪳ,ꪀꪱꪥ ꪣꪳ,qua ngày,66,OK
cai mự,ꪀꪱꪥ ꪣꪳ,ꪀꪱꪥ ꪣꪳ,qua tay.,66,OK
cai nả,ꪀꪱꪥ ꪢꪱ,ꪀꪱꪥ ꪢꪱ,qua mặt.,66,OK
cai pay,ꪀꪱꪥ ꪼꪜ,ꪀꪱꪥ ꪼꪜ,qua đi.,66,OK
cai pi,ꪀꪱꪥ ꪤ,ꪀꪱꪥ ꪤ,qua năm.,66,OK
cai tá,ꪀꪱꪥ ꪕꪱ,ꪀꪱꪥ ꪕꪱ,qua suối.,66,OK
cai xăm,ꪀꪱꪥ ꪎꪾ,ꪀꪱꪥ ꪎꪾ,quá thì.,66,OK
cài,ꪁꪱꪥ,ꪁꪱꪥ,cãi.,67,OK
cài căn,ꪁꪱꪥ ꪀꪽ,ꪁꪱꪥ ꪀꪽ,cãi nhau,67,OK
cài fô,ꪁꪱꪥ ꪶꪌꪲ,ꪁꪱꪥ ꪶꪌꪲ,cãi chồng,67,OK
cài táo,ꪁꪱꪥ ꪕꪱꪫ,ꪁꪱꪥ ꪕꪱꪫ,cãi lại.,67,OK
cải,ꪀꪱꪥ,ꪀꪱꪥ,"quái, lỏi, thân leo.",67,OK
cải chen,ꪀꪱꪥ ꪵꪊꪙ,ꪀꪱꪥ ꪵꪊꪙ,khôn lỏi.,67,OK
cải khắt càu,ꪀꪱꪥ ꪄꪒ ꪹꪁꪱ,ꪀꪱꪥ ꪄꪒ ꪹꪁꪱ,câu đằng.,67,OK
cái,ꪀꪱꪥ,ꪀꪱꪥ,"bắc, vẫy.",67,OK
cái chạt,ꪀꪱꪥ ꪋꪱꪒ,ꪀꪱꪥ ꪋꪱꪒ,bẳc cầu mây.,67,OK
cái đay,ꪀꪱꪥ ꪼꪒ,ꪀꪱꪥ ꪼꪒ,bắc cầu thang,67,OK
cái khô,ꪀꪱꪥ ꪶꪂ,ꪀꪱꪥ ꪶꪂ,bắc cầu.,67,OK
cái mạy,ꪀꪱꪥ ꪼꪣ,ꪀꪱꪥ ꪼꪣ,bắc gỗ.,67,OK
cái mự,ꪀꪱꪥ ꪣꪳ,ꪀꪱꪥ ꪣꪳ,vẫy tay.,67,OK
cái pẻn,ꪀꪱꪥ ꪵꪜꪙ,ꪀꪱꪥ ꪵꪜꪙ,bắc ván.,67,OK
cái sạng,ꪀꪱꪥ ꪏꪱꪉ,ꪀꪱꪥ ꪏꪱꪉ,bắc tre.,67,OK
cái tháng,ꪀꪱꪥ ꪖꪱꪉ,ꪀꪱꪥ ꪖꪱꪉ,bắc thang,67,OK
cái tsá,ꪀꪱꪥ ꪌꪱ,ꪀꪱꪥ ꪌꪱ,bắc giàn.,67,OK
cại,ꪁꪱꪥ,ꪁꪱꪥ,"rặm, nhặm.",68,OK
cại hô,ꪁꪱꪥ ꪶꪬ,ꪁꪱꪥ ꪶꪬ,nhặm đầu.,68,OK
cại kha,ꪁꪱꪥ ꪄꪱ,ꪁꪱꪥ ꪄꪱ,nhặm chân,68,OK
cại khăn,ꪁꪱꪥ ꪅꪽ,ꪁꪱꪥ ꪅꪽ,nhặm ngứa,68,OK
cại mự,ꪁꪱꪥ ꪣꪳ,ꪁꪱꪥ ꪣꪳ,nhặm tay.,68,OK
cáik,ꪁꪱꪥ,ꪁꪱꪥ,"cai, giải",68,OK
cáik khọn,ꪁꪱꪥ ꪅꪮꪙ,ꪁꪱꪥ ꪅꪮꪙ,cai thuốc,68,OK
cáik khôông,ꪁꪱꪥ ꪶꪄꪉ,ꪁꪱꪥ ꪶꪄꪉ,giải hạn.,68,OK
cáik lảu,ꪁꪱꪥ ꪹꪨꪱ,ꪁꪱꪥ ꪹꪨꪱ,cai rượu,68,OK
cáik min,ꪁꪱꪥ ꪢꪲꪙ,ꪁꪱꪥ ꪢꪲꪙ,giái vận.,68,OK
cák,ꪀꪱꪀ,ꪀꪱꪀ,"thóc, tận, hắc lào.",68,OK
cák nơ,ꪀꪱꪀ ꪹꪢꪰ,ꪀꪱꪀ ꪹꪢꪰ,tận trên,68,OK
cák tẳư,ꪀꪱꪀ ꪻꪔ,ꪀꪱꪀ ꪻꪔ,tận dưới.,68,OK
cạk,ꪁꪱ,ꪁꪱ,"gông, vướng",68,OK
cạk hồ,ꪁꪱ ꪶꪭ,ꪁꪱ ꪶꪭ,vướng rào.,68,OK
cạk mu,ꪁꪱ ꪢꪴ,ꪁꪱ ꪢꪴ,gông lợn.,68,OK
ca m,,,cam tâu mã.,69,DAP_AN_CUT_CAN_SOAT
cảm,ꪀꪱꪣ,ꪀꪱꪣ,càng,69,OK
cảm củng,ꪀꪱꪣ ꪀꪉꪴ,ꪀꪱꪣ ꪀꪉꪴ,càng tôm.,69,OK
cảm lôông,ꪀꪱꪱꪣ ꪶꪨꪉ,ꪀꪱꪱꪣ ꪶꪨꪉ,càng to.,69,OK
cảm pu,ꪀꪱꪣ ꪜꪴ,ꪀꪱꪣ ꪜꪴ,càng cua.,69,OK
can,ꪀꪱꪙ,ꪀꪱꪙ,can.,69,OK
can cáu,ꪀꪱꪙ ꪹꪀꪱ,ꪀꪱꪙ ꪹꪀꪱ,can cũ.,69,OK
can chôống,ꪀꪱꪙ ꪶꪋꪉ,ꪀꪱꪙ ꪶꪋꪉ,can đựng.,69,OK
can dạu,ꪀꪱꪙ ꪹꪥꪱ,ꪀꪱꪙ ꪹꪥꪱ,can dầu.,69,OK
can đi,ꪀꪱꪙ ꪒꪲ,ꪀꪱꪙ ꪒꪲ,can tốt.,69,OK
can hốk,ꪀꪱꪙ ꪶꪭ,ꪀꪱꪙ ꪶꪭ,can thủng.,69,OK
can lảu,ꪀꪱꪙ ꪹꪨꪱ,ꪀꪱꪙ ꪹꪨꪱ,can rượu,70,OK
can maư,ꪀꪱꪙ ꪻꪢ,ꪀꪱꪙ ꪻꪢ,can mới.,70,OK
can năm,ꪀꪱꪙ ꪙꪾ,ꪀꪱꪙ ꪙꪾ,can nước,70,OK
can nhợ,ꪀꪱꪙ ꪹꪑꪰ,ꪀꪱꪙ ꪹꪑꪰ,can nhựa,70,OK
can páu,ꪀꪱꪙ ꪹꪜꪱ,ꪀꪱꪙ ꪹꪜꪱ,can rồng,70,OK
can xắngk,ꪀꪱꪙ ꪏꪉ,ꪀꪱꪙ ꪏꪉ,can xăng.,70,OK
càn,ꪁꪱꪙ,ꪁꪱꪙ,"đố, sạt.",70,OK
càn đin,ꪁꪱꪙ ꪒꪲꪙ,ꪁꪱꪙ ꪒꪲꪙ,sạt đât.,70,OK
càn họn,ꪁꪱꪙ ꪹꪭꪰꪙ,ꪁꪱꪙ ꪹꪭꪰꪙ,đổ nhà.,70,OK
càn khồ,ꪁꪱꪙ ꪶꪃ,ꪁꪱꪙ ꪶꪃ,đổ sập.,70,OK
càn lúm,ꪁꪱꪙ ꪨꪣꪴ,ꪁꪱꪙ ꪨꪣꪴ,sạt lở.,70,OK
càn lụng,ꪁꪱꪙ ꪩꪉꪴ,ꪁꪱꪙ ꪩꪉꪴ,đổ xuống,70,OK
càn nẻn,ꪁꪱꪙ ꪵꪢꪙ,ꪁꪱꪙ ꪵꪢꪙ,đổ bẹp.,70,OK
cản,ꪀꪱꪙ,ꪀꪱꪙ,"cán, cuộng.",70,OK
cản chóp,ꪀꪱꪙ ꪊꪮꪚ,ꪀꪱꪙ ꪊꪮꪚ,cán cuốc,70,OK
cản chôộng,ꪀꪱꪙ ꪶꪋꪉ,ꪀꪱꪙ ꪶꪋꪉ,mớ tóc độn.,70,OK
cản đêếng,ꪀꪱꪙ ꪹꪒꪸꪉ,ꪀꪱꪙ ꪹꪒꪸꪉ,cán cân.,70,OK
cản fắc,ꪀꪱꪙ ꪞꪀ,ꪀꪱꪙ ꪞꪀ,cuộng rau.,71,OK
cản fẻo,ꪀꪱꪙ ꪵꪞꪫ,ꪀꪱꪙ ꪵꪞꪫ,chổi.,71,OK
cản hók,ꪀꪱꪙ ꪬꪮꪀ,ꪀꪱꪙ ꪬꪮꪀ,cán giáo.,71,OK
cản lổ,ꪀꪱꪙ ꪶꪨ,ꪀꪱꪙ ꪶꪨ,cán mai.,71,OK
cản thúc khẻo,ꪀꪱꪙ ꪖꪀꪴ ꪵꪄꪫ,ꪀꪱꪙ ꪖꪀꪴ ꪵꪄꪫ,bàn chải răng.,71,OK
cản vi,ꪀꪱꪙ ꪪꪲ,ꪀꪱꪙ ꪪꪲ,lược.,71,OK
cản vị,ꪀꪱꪙ ꪫꪲ,ꪀꪱꪙ ꪫꪲ,quạt.,71,OK
cản xêm,ꪀꪱꪙ ꪹꪎꪸꪣ,ꪀꪱꪙ ꪹꪎꪸꪣ,cán thuổng.,71,OK
cán,ꪀꪱꪙ,ꪀꪱꪙ,"sọc, khoang.",71,OK
cán đăm,ꪀꪱꪙ ꪒꪾ,ꪀꪱꪙ ꪒꪾ,sọc đen.,71,OK
cán đeng,ꪀꪱꪙ ꪵꪒꪉ,ꪀꪱꪙ ꪵꪒꪉ,sọc đỏ.,71,OK
cán đón,ꪀꪱꪙ ꪒꪮꪙ,ꪀꪱꪙ ꪒꪮꪙ,khoang trắng,71,OK
cán khang,ꪀꪱꪙ ꪄꪱꪉ,ꪀꪱꪙ ꪄꪱꪉ,sọc ngang,71,OK
cán kheo,ꪀꪱꪙ ꪵꪄꪫ,ꪀꪱꪙ ꪵꪄꪫ,sọc xanh,71,OK
cán lại,ꪀꪱꪙ ꪩꪱꪥ,ꪀꪱꪙ ꪩꪱꪥ,sọc vằn.,71,OK
cán lơng,ꪀꪱꪙ ꪹꪨꪰꪉ,ꪀꪱꪙ ꪹꪨꪰꪉ,sọc vàng.,71,OK
cạn,ꪁꪱꪙ,ꪁꪱꪙ,"dám, giữ, đòn.",71,OK
cạn báu,ꪁꪱꪙ ꪹꪚꪱ,ꪁꪱꪙ ꪹꪚꪱ,dám không?,71,OK
cạn đin,ꪁꪱꪙ ꪒꪲꪙ,ꪁꪱꪙ ꪒꪲꪙ,giữ đât.,72,OK
cạn ham,ꪁꪱꪙ ꪬꪱꪣ,ꪁꪱꪙ ꪬꪱꪣ,đòn khiêng,72,OK
cạn háp,ꪁꪱꪙ ꪬꪱꪚ,ꪁꪱꪙ ꪬꪱꪚ,đòn gánh,72,OK
cạn hệt,ꪁꪱꪙ ꪹꪭꪸꪒ,ꪁꪱꪙ ꪹꪭꪸꪒ,dám làm.,72,OK
cạn vạy,ꪁꪱꪙ ꪼꪫ,ꪁꪱꪙ ꪼꪫ,giữ lại.,72,OK
cang,ꪀꪱꪉ,ꪀꪱꪉ,"giữa, mắc, giãng, vại.",72,OK
cang bản,ꪀꪱꪉ ꪚꪱꪙ,ꪀꪱꪉ ꪚꪱꪙ,giừa bản.,72,OK
cang cai,ꪀꪱꪉ ꪀꪱꪥ,ꪀꪱꪉ ꪀꪱꪥ,giữa chợ.,72,OK
cang chứng,ꪀꪱꪉ ꪋꪉ,ꪀꪱꪉ ꪋꪉ,"chính giữa, trung tâm.",72,OK
cang cói,ꪀꪱꪉ ꪀꪮꪥ,ꪀꪱꪉ ꪀꪮꪥ,đười ươi.,72,OK
cang đon,ꪀꪱꪉ ꪒꪮꪙ,ꪀꪱꪉ ꪒꪮꪙ,giữa cồn.,72,OK
cang đung,ꪀꪱꪉ ꪒꪉꪴ,ꪀꪱꪉ ꪒꪉꪴ,giữa rừng.,72,OK
cang fả cang,ꪀꪱꪉ ꪞꪱ ꪀꪱꪉ,ꪀꪱꪉ ꪞꪱ ꪀꪱꪉ,mắc màn.,72,OK
cang fả mán,ꪀꪱꪉ ꪞꪱ ꪣꪱꪙ,ꪀꪱꪉ ꪞꪱ ꪣꪱꪙ,mắc rèm.,72,OK
cang hao,ꪀꪱꪉ ꪬꪱꪫ,ꪀꪱꪉ ꪬꪱꪫ,giữa không trung.,72,OK
cang họrn,ꪀꪱꪉ ꪹꪭꪰꪙ,ꪀꪱꪉ ꪹꪭꪰꪙ,giữa nhà.,72,OK
cang khụm,ꪀꪱꪉ ꪅꪙꪳ,ꪀꪱꪉ ꪅꪙꪳ,giữa khuya.,72,OK
cang khôống,ꪀꪱꪉ ꪶꪂꪉ,ꪀꪱꪉ ꪶꪂꪉ,giữa sân.,72,OK
cang lảu,ꪀꪱꪉ ꪹꪨꪱ,ꪀꪱꪉ ꪹꪨꪱ,vại ủ rượu,73,OK
cang moọng,ꪀꪱꪉ ꪣꪮꪉ,ꪀꪱꪉ ꪣꪮꪉ,giăng lưới,73,OK
cang mượng,ꪀꪱꪉ ꪹꪣꪉ,ꪀꪱꪉ ꪹꪣꪉ,giữa mường,73,OK
cang tạng,ꪀꪱꪉ ꪕꪱꪉ,ꪀꪱꪉ ꪕꪱꪉ,giữa đường,73,OK
cang vịn,ꪀꪱꪉ ꪫꪲꪙ,ꪀꪱꪉ ꪫꪲꪙ,buổi trưa,73,OK
cang xók,ꪀꪱꪉ ꪎꪮꪀ,ꪀꪱꪉ ꪎꪮꪀ,giữa lối.,73,OK
cảng,ꪀꪱꪉ,ꪀꪱꪉ,xương,73,OK
cảng pa,ꪀꪱꪉ ꪜꪱ,ꪀꪱꪉ ꪜꪱ,xương cá.,73,OK
cáng xang,ꪀꪱꪉ ꪎꪱꪉ,ꪀꪱꪉ ꪎꪱꪉ,chổi rề.,73,OK
cạng,ꪁꪱꪉ,ꪁꪱꪉ,"cằm, hàm.",73,OK
cạng chếp,ꪁꪱꪉ ꪹꪊꪸꪚ,ꪁꪱꪉ ꪹꪊꪸꪚ,đau hàm.,73,OK
cạng lại,ꪁꪱꪉ ꪩꪱꪥ,ꪁꪱꪉ ꪩꪱꪥ,cằm xăm.,73,OK
cạng lem,ꪁꪱꪉ ꪵꪨꪣ,ꪁꪱꪉ ꪵꪨꪣ,cằm nhọn,73,OK
cạng mói,ꪁꪱꪉ ꪹꪣꪰꪥ,ꪁꪱꪉ ꪹꪣꪰꪥ,mỏi hàm.,73,OK
cạng ối,ꪁꪱꪉ ꪶꪮꪥ,ꪁꪱꪉ ꪶꪮꪥ,cằm nhọ.,73,OK
cạng pỏm,ꪁꪱꪉ ꪜꪮꪣ,ꪁꪱꪉ ꪜꪮꪣ,cằm tròn,73,OK
cạng xổi,ꪁꪱꪉ ꪶꪎꪥ,ꪁꪱꪉ ꪶꪎꪥ,cằm thon.,73,OK
cót cổ,ꪀꪮꪒ ꪶꪀ,ꪀꪮꪒ ꪶꪀ,ôm quấn,104,OK
cóteo,,,ôm eo.,104,DAP_AN_CUT_CAN_SOAT
cót tô,ꪀꪮꪒ ꪶꪔ,ꪀꪮꪒ ꪶꪔ,ôm người,104,OK
cót ủm,ꪀꪮꪒ ꪮꪣꪴ,ꪀꪮꪒ ꪮꪣꪴ,ôm bế.,104,OK
cọt,ꪁꪮꪒ,ꪁꪮꪒ,sái.,104,OK
cọt mự,ꪁꪮꪒ ꪣꪳ,ꪁꪮꪒ ꪣꪳ,sái tay.,104,OK
cọt tin,ꪁꪮꪒ ꪔꪸꪙ,ꪁꪮꪒ ꪔꪸꪙ,sái chân.,104,OK
cổ,ꪶꪀ,ꪶꪀ,quấn.,105,OK
cổ căn,ꪶꪀ ꪀꪽ,ꪶꪀ ꪀꪽ,quấn nhau.,105,OK
cổi,ꪶꪀꪥ,ꪶꪀꪥ,chuối.,105,OK
cổi cáy nọi,ꪶꪀꪥ ꪼꪀ ꪙꪮꪥ,ꪶꪀꪥ ꪼꪀ ꪙꪮꪥ,chuối ngự.,105,OK
cổi chen,ꪶꪀꪥ ꪵꪊꪙ,ꪶꪀꪥ ꪵꪊꪙ,chuối rán.,105,OK
cổi đung,ꪶꪀꪥ ꪒꪉꪴ,ꪶꪀꪥ ꪒꪉꪴ,chuối rùng,105,OK
cổi hám,ꪶꪀꪥ ꪬꪱꪣ,ꪶꪀꪥ ꪬꪱꪣ,chuối ương,105,OK
cổi hăm mu,ꪶꪀꪥ ꪬꪾ ꪢꪴ,ꪶꪀꪥ ꪬꪾ ꪢꪴ,chuối lá.,105,OK
cổi hom,ꪶꪀꪥ ꪬꪮꪣ,ꪶꪀꪥ ꪬꪮꪣ,chuối tiêu,105,OK
cổi ké,ꪶꪀꪥ ꪵꪀ,ꪶꪀꪥ ꪵꪀ,chuối già.,105,OK
cổi kheo,ꪶꪀꪥ ꪵꪄꪫ,ꪶꪀꪥ ꪵꪄꪫ,chuối xanh,105,OK
cổi khổ,ꪶꪀꪥ ꪶꪂ,ꪶꪀꪥ ꪶꪂ,chuối xào.,105,OK
cổi náu,ꪶꪀꪥ ꪹꪙꪱ,ꪶꪀꪥ ꪹꪙꪱ,chuối nẫu.,105,OK
cổi óm,ꪶꪀꪥ ꪮꪮꪣ,ꪶꪀꪥ ꪮꪮꪣ,chuối om.,105,OK
cổi ón,ꪶꪀꪥ ꪮꪮꪙ,ꪶꪀꪥ ꪮꪮꪙ,chuối non.,105,OK
cổi pàng,ꪶꪀꪥ ꪝꪱꪉ,ꪶꪀꪥ ꪝꪱꪉ,chuối tây.,105,OK
cổi tủm,ꪶꪀꪥ ꪔꪣꪴ,ꪶꪀꪥ ꪔꪣꪴ,chuối luôc.,105,OK
cổi xúc,ꪶꪀꪥ ꪎꪀꪴ,ꪶꪀꪥ ꪎꪀꪴ,chuối chín.,105,OK
cội,ꪶꪁꪥ,ꪶꪁꪥ,gật gù.,106,OK
cội hô,ꪶꪁꪥ ꪶꪬ,ꪶꪁꪥ ꪶꪬ,đầu gật gù.,106,OK
côm,ꪶꪀꪣ,ꪶꪀꪣ,"che, đậy.",106,OK
côm hô,ꪶꪀꪣ ꪶꪬ,ꪶꪀꪣ ꪶꪬ,che đầu.,106,OK
côm khừn,ꪶꪀꪣ ꪄꪙꪸ,ꪶꪀꪣ ꪄꪙꪸ,che lên.,106,OK
côm pha,,ꪶꪀꪣ ꪠꪱ,đậy vung.,106,DAP_AN_CUT_CAN_SOAT
cồm,ꪶꪁꪣ,ꪶꪁꪣ,phù.,106,OK
cồm côm,ꪶꪁꪣ ꪶꪀꪣ,ꪶꪁꪣ ꪶꪀꪣ,phù hộ.,106,OK
cồm củ,ꪶꪀꪣ ꪀꪴ,ꪶꪀꪣ ꪀꪴ,phù trợ.,106,OK
cốm cốk,ꪶꪀꪣ ꪶꪀꪀ,ꪶꪀꪣ ꪶꪀꪀ,cúi.,106,OK
cốm cốk hô,ꪶꪀꪣ ꪶꪀꪀ ꪶꪬ,ꪶꪀꪣ ꪶꪀꪀ ꪶꪬ,cúi đầu.,106,OK
cốm cốk lụng,ꪶꪀꪣ ꪶꪀꪀ ꪩꪉꪴ,ꪶꪀꪣ ꪶꪀꪀ ꪩꪉꪴ,cúi xuống.,106,OK
cộm,ꪶꪁꪣ,ꪶꪁꪣ,"cùm, còng.",106,OK
cộm căng,ꪶꪁꪣ ꪀꪉꪰ,ꪶꪁꪣ ꪀꪉꪰ,cùm gông,107,OK
cộm kha,ꪶꪁꪣ ꪄꪱ,ꪶꪁꪣ ꪄꪱ,cùm chân.,107,OK
cộm khen,,ꪶꪁꪣ ꪵꪄꪙ,còng tay.,107,DAP_AN_CUT_CAN_SOAT
cộm tsăng,ꪶꪁꪣ ꪌ,ꪶꪁꪣ ꪌ,cùm giam,107,OK
cộm tụ,ꪶꪁꪣ ꪕꪴ,ꪶꪁꪣ ꪕꪴ,cùm tù.,107,OK
cốn,ꪶꪀꪙ,ꪶꪀꪙ,nhồi.,107,OK
cốn cặt,ꪶꪀꪙ ꪁꪒꪰ,ꪶꪀꪙ ꪁꪒꪰ,nhồi chặt.,107,OK
cốn kin,ꪶꪀꪙ ꪀꪸꪙ,ꪶꪀꪙ ꪀꪸꪙ,nhồi ăn.,107,OK
cốn nhệt,ꪶꪀꪙ ꪹꪑꪸꪒ,ꪶꪀꪙ ꪹꪑꪸꪒ,nhồi nhét.,107,OK
cốn phung tsàng,ꪶꪀꪙ ꪠꪉꪴ ꪍꪱꪉ,ꪶꪀꪙ ꪠꪉꪴ ꪍꪱꪉ,nhồi lạp xưởng.,107,OK
côốc,ꪶꪀꪀ,ꪶꪀꪀ,"cả, gốc.",107,OK
côốc bá,ꪶꪀꪀ ꪚꪱ,ꪶꪀꪀ ꪚꪱ,gốc vai.,107,OK
côốc cô đủn,ꪶꪀꪀ ꪶꪀ ꪒꪙꪴ,ꪶꪀꪀ ꪶꪀ ꪒꪙꪴ,gáy.,107,OK
côốc mạy,ꪶꪀꪀ ꪼꪣ,ꪶꪀꪀ ꪼꪣ,gốc cây.,107,OK
côốc xau,ꪶꪀꪀ ꪹꪎꪱ,ꪶꪀꪀ ꪹꪎꪱ,rường cột.,107,OK
côông,ꪶꪀꪉ,ꪶꪀꪉ,trong,108,OK
côông bản,ꪶꪀꪉ ꪚꪱꪙ,ꪶꪀꪉ ꪚꪱꪙ,trong bản.,108,OK
côông bơn,ꪶꪀꪉ ꪹꪚꪰꪙ,ꪶꪀꪉ ꪹꪚꪰꪙ,trong tháng,108,OK
côông chăư,ꪶꪀꪉ ꪻꪊ,ꪶꪀꪉ ꪻꪊ,trong tâm.,108,OK
côông đung,ꪶꪀꪉ ꪒꪉꪴ,ꪶꪀꪉ ꪒꪉꪴ,trong rừng,108,OK
côông ék,ꪶꪀꪉ ꪵꪮꪀ,ꪶꪀꪉ ꪵꪮꪀ,trong óc.,108,OK
côông hô,ꪶꪀꪉ ꪶꪬ,ꪶꪀꪉ ꪶꪬ,trong đầu.,108,OK
côông hợn,ꪶꪀꪉ ꪹꪭꪰꪙ,ꪶꪀꪉ ꪹꪭꪰꪙ,trong nhà.,108,OK
côông khọ,ꪶꪀꪉ ꪯꪰ,ꪶꪀꪉ ꪯꪰ,trong chuồng,108,OK
côông lúc,ꪶꪀꪉ ꪓꪀꪴ,ꪶꪀꪉ ꪓꪀꪴ,trong buồng,108,OK
côông môốc,ꪶꪀꪉ ꪶꪢꪀ,ꪶꪀꪉ ꪶꪢꪀ,trong dạ.,108,OK
côông mự,ꪶꪀꪉ ꪣ,ꪶꪀꪉ ꪣ,trong tay.,108,OK
côông phím,ꪶꪀꪉ ꪡꪣ,ꪶꪀꪉ ꪡꪣ,trong phim,108,OK
côông pi,ꪶꪀꪉ ꪜ,ꪶꪀꪉ ꪜ,trong năm.,108,OK
côông thung,ꪶꪀꪉ ꪖꪉꪴ,ꪶꪀꪉ ꪖꪉꪴ,trong túi.,108,OK
côông toọng,ꪶꪀꪉ ꪕꪮꪉ,ꪶꪀꪉ ꪕꪮꪉ,trong bụng,108,OK
côông vịn,ꪶꪀꪉ ꪫꪸꪙ,ꪶꪀꪉ ꪫꪸꪙ,trong ngày,108,OK
côông xan,ꪶꪀꪉ ꪎꪱꪙ,ꪶꪀꪉ ꪎꪱꪙ,trong sách.,108,OK
côông xảy,ꪶꪀꪉ ꪼꪎ,ꪶꪀꪉ ꪼꪎ,trong ruột,109,OK
côông xôn,ꪶꪀꪉ ꪶꪎꪙ,ꪶꪀꪉ ꪶꪎꪙ,trong vườn.,109,OK
côổng,ꪶꪀꪉ,ꪶꪀꪉ,trai,109,OK
côổng bể,ꪶꪀꪉ ꪹꪚꪸ,ꪶꪀꪉ ꪹꪚꪸ,trai biển,109,OK
côổng lôông,ꪶꪀꪉ ꪶꪨꪉ,ꪶꪀꪉ ꪶꪨꪉ,trai to.,109,OK
côổng noong,ꪶꪀꪉ ꪘꪮꪉ,ꪶꪀꪉ ꪘꪮꪉ,trai ao.,109,OK
côổng tá,ꪶꪀꪉ ꪕꪱ,ꪶꪀꪉ ꪕꪱ,trai suối.,109,OK
côộng,ꪶꪁꪉ,ꪶꪁꪉ,"gân, rọ.",109,OK
côộng băư,ꪶꪁꪉ ꪻꪚ,ꪶꪁꪉ ꪻꪚ,gân lá.,109,OK
cốp,ꪶꪀꪚ,ꪶꪀꪚ,ếch.,109,OK
cốp càng,ꪶꪀꪚ ꪁꪱꪉ,ꪶꪀꪚ ꪁꪱꪉ,chão chuộc,109,OK
cốp hoọng,ꪶꪀꪚ ꪭꪮꪉ,ꪶꪀꪚ ꪭꪮꪉ,ếch kêu.,109,OK
cốp kin bơn,ꪶꪀꪚ ꪀꪸꪙ ꪹꪚꪰꪙ,ꪶꪀꪚ ꪀꪸꪙ ꪹꪚꪰꪙ,nguyệt thực,109,OK
cốp lôông,ꪶꪀꪚ ꪶꪨꪉ,ꪶꪀꪚ ꪶꪨꪉ,ếch to.,109,OK
cốp mắn,ꪶꪀꪚ ꪣꪽ,ꪶꪀꪚ ꪣꪽ,ếch xanh.,109,OK
cốp nọi,ꪶꪀꪚ ꪙꪮꪥ,ꪶꪀꪚ ꪙꪮꪥ,ếch nhò.,110,OK
cốpo,,ꪶꪀꪚꪫ,ếch kêu.,110,DAP_AN_CUT_CAN_SOAT
cốp tẹo,ꪶꪀꪚ ꪵꪕꪫ,ꪶꪀꪚ ꪵꪕꪫ,ếch nháy.,110,OK
cộp,ꪶꪁꪚ,ꪶꪁꪚ,"chập, nhân",110,OK
cộp chợk,ꪶꪁꪚ ꪹꪋꪰ,ꪶꪁꪚ ꪹꪋꪰ,chập dây.,110,OK
cộp khửn,ꪶꪁꪚ ꪄꪙ,ꪶꪁꪚ ꪄꪙ,nhân lên.,110,OK
cộp tẹn,ꪶꪁꪚ ꪵꪕꪙ,ꪶꪁꪚ ꪵꪕꪙ,chập thêm,110,OK
cộp xam,ꪶꪁꪚ ꪎꪱꪣ,ꪶꪁꪚ ꪎꪱꪣ,chập ba.,110,OK
cộp xắư,ꪶꪁꪚ ꪻꪎ,ꪶꪁꪚ ꪻꪎ,chập lại.,110,OK
cộp xoong,ꪶꪁꪚ ꪎꪮꪉ,ꪶꪁꪚ ꪎꪮꪉ,chập đôi.,110,OK
cốt cổ,ꪶꪁꪚ ꪶꪀ,ꪶꪁꪚ ꪶꪀ,quấn quít,110,OK
cốt hồn,ꪶꪁꪚ ꪶꪭꪙ,ꪶꪁꪚ ꪶꪭꪙ,"cặn, cấn.",110,OK
cột,ꪶꪁꪒ,ꪶꪁꪒ,queo.,110,OK
cột kho,ꪶꪁꪒ ꪄꪰ,ꪶꪁꪒ ꪄꪰ,cong queo.,110,OK
cơ,ꪹꪀꪰ,ꪹꪀꪰ,"chăn, muối",111,OK
cơ cáy,ꪹꪀꪰ ꪼꪀ,ꪹꪀꪰ ꪼꪀ,chăn gà.,111,OK
cơ kịm,ꪹꪀꪰ ꪁꪸꪣ,ꪹꪀꪰ ꪁꪸꪣ,muối mặn.,111,OK
cơ mu,ꪹꪀꪰ ꪢꪴ,ꪹꪀꪰ ꪢꪴ,chăn lợn.,111,OK
cơ pết,ꪹꪀꪰ ꪹꪸꪜꪒ,ꪹꪀꪰ ꪹꪸꪜꪒ,nuôi vịt.,111,OK
cơ tẻng,ꪹꪀꪰ ꪵꪔꪉ,ꪹꪀꪰ ꪵꪔꪉ,chăn nuôi.,111,OK
cợ,ꪹꪁꪰ,ꪹꪁꪰ,cờ.,111,OK
cợ bin,ꪹꪁꪰ ꪚꪸꪙ,ꪹꪁꪰ ꪚꪸꪙ,cờ bay.,111,OK
cọ’ đă m,,,cờ đen.,111,DAP_AN_CUT_CAN_SOAT
cọ’ đeng,ꪹꪁꪰ ꪵꪒꪉ,ꪹꪁꪰ ꪵꪒꪉ,cờ đỏ.,111,OK
cợ lơng,ꪹꪁꪰ ꪹꪓꪰꪉ,ꪹꪁꪰ ꪹꪓꪰꪉ,cờ vàng.,111,OK
cớc,ꪹꪀꪰꪀ,ꪹꪀꪰꪀ,câng.,111,OK
cớc cớc,,ꪹꪀꪰꪀ ꪹꪀꪰꪀ,câng câng.,111,DAP_AN_CUT_CAN_SOAT
cớk,ꪹꪀꪰꪀ,ꪹꪀꪰꪀ,cựa.,111,OK
cớk năư,ꪹꪀꪰꪀ ꪻꪘ,ꪹꪀꪰꪀ ꪻꪘ,cựa quậy.,111,OK
coi,ꪹꪀꪰꪥ,ꪹꪀꪰꪥ,khay,112,OK
coi chẹ,ꪹꪀꪰꪥ ꪵꪋ,ꪹꪀꪰꪥ ꪵꪋ,khay chè.,112,OK
coi chẻn,ꪹꪀꪰꪥ ꪵꪊꪙ,ꪹꪀꪰꪥ ꪵꪊꪙ,khay chén,112,OK
coi lảu,ꪹꪀꪰꪥ ꪹꪨꪱ,ꪹꪀꪰꪥ ꪹꪨꪱ,khay rượu.,112,OK
coi mák,ꪹꪀꪰꪥ ꪢꪱꪀ,ꪹꪀꪰꪥ ꪢꪱꪀ,khay hoa qua.,112,OK
coi nặm,ꪹꪀꪰꪥ ꪙꪾ,ꪹꪀꪰꪥ ꪙꪾ,khay nước,112,OK
cơi pụ,ꪹꪀꪰꪥ ꪝꪴ,ꪹꪀꪰꪥ ꪝꪴ,khay trầu.,112,OK
cớn,ꪹꪀꪰꪙ,ꪹꪀꪰꪙ,trước,112,OK
cớn lăng,ꪹꪀꪰꪙ ꪨꪉꪰ,ꪹꪀꪰꪙ ꪨꪉꪰ,trước sau.,112,OK
cớn nả,ꪹꪀꪰꪙ ꪘꪱ,ꪹꪀꪰꪙ ꪘꪱ,trước mặt.,112,OK
ý thưng,ꪮꪲ ꪖꪉꪸ,ꪮꪲ ꪖꪉꪸ,thương nhớ.,887,OK
